
/*!40101 SET @OLD_CHARACTER_SET_CLIENT=@@CHARACTER_SET_CLIENT */;
/*!40101 SET @OLD_CHARACTER_SET_RESULTS=@@CHARACTER_SET_RESULTS */;
/*!40101 SET @OLD_COLLATION_CONNECTION=@@COLLATION_CONNECTION */;
/*!40101 SET NAMES binary */;
/*!40103 SET @OLD_TIME_ZONE=@@TIME_ZONE */;
/*!40103 SET TIME_ZONE='+00:00' */;
/*!40014 SET @OLD_UNIQUE_CHECKS=@@UNIQUE_CHECKS, UNIQUE_CHECKS=0 */;
/*!40014 SET @OLD_FOREIGN_KEY_CHECKS=@@FOREIGN_KEY_CHECKS, FOREIGN_KEY_CHECKS=0 */;
/*!40101 SET @OLD_SQL_MODE=@@SQL_MODE, SQL_MODE='NO_AUTO_VALUE_ON_ZERO' */;
/*!40111 SET @OLD_SQL_NOTES=@@SQL_NOTES, SQL_NOTES=0 */;
/*!50717 SELECT COUNT(*) INTO @rocksdb_has_p_s_session_variables FROM INFORMATION_SCHEMA.TABLES WHERE TABLE_SCHEMA = 'performance_schema' AND TABLE_NAME = 'session_variables' */;
/*!50717 SET @rocksdb_get_is_supported = IF (@rocksdb_has_p_s_session_variables, 'SELECT COUNT(*) INTO @rocksdb_is_supported FROM performance_schema.session_variables WHERE VARIABLE_NAME=\'rocksdb_bulk_load\'', 'SELECT 0') */;
/*!50717 PREPARE s FROM @rocksdb_get_is_supported */;
/*!50717 EXECUTE s */;
/*!50717 DEALLOCATE PREPARE s */;
/*!50717 SET @rocksdb_enable_bulk_load = IF (@rocksdb_is_supported, 'SET SESSION rocksdb_bulk_load = 1', 'SET @rocksdb_dummy_bulk_load = 0') */;
/*!50717 PREPARE s FROM @rocksdb_enable_bulk_load */;
/*!50717 EXECUTE s */;
/*!50717 DEALLOCATE PREPARE s */;
DROP TABLE IF EXISTS `auth_group`;
/*!40101 SET @saved_cs_client     = @@character_set_client */;
/*!40101 SET character_set_client = utf8 */;
CREATE TABLE `auth_group` (
  `id` int NOT NULL AUTO_INCREMENT,
  `name` varchar(150) NOT NULL,
  PRIMARY KEY (`id`),
  UNIQUE KEY `name` (`name`)
) ENGINE=InnoDB DEFAULT CHARSET=utf8mb4 COLLATE=utf8mb4_0900_ai_ci;
/*!40101 SET character_set_client = @saved_cs_client */;

LOCK TABLES `auth_group` WRITE;
/*!40000 ALTER TABLE `auth_group` DISABLE KEYS */;
/*!40000 ALTER TABLE `auth_group` ENABLE KEYS */;
UNLOCK TABLES;
DROP TABLE IF EXISTS `auth_group_permissions`;
/*!40101 SET @saved_cs_client     = @@character_set_client */;
/*!40101 SET character_set_client = utf8 */;
CREATE TABLE `auth_group_permissions` (
  `id` bigint NOT NULL AUTO_INCREMENT,
  `group_id` int NOT NULL,
  `permission_id` int NOT NULL,
  PRIMARY KEY (`id`),
  UNIQUE KEY `auth_group_permissions_group_id_permission_id_0cd325b0_uniq` (`group_id`,`permission_id`),
  KEY `auth_group_permissio_permission_id_84c5c92e_fk_auth_perm` (`permission_id`),
  CONSTRAINT `auth_group_permissio_permission_id_84c5c92e_fk_auth_perm` FOREIGN KEY (`permission_id`) REFERENCES `auth_permission` (`id`),
  CONSTRAINT `auth_group_permissions_group_id_b120cbf9_fk_auth_group_id` FOREIGN KEY (`group_id`) REFERENCES `auth_group` (`id`)
) ENGINE=InnoDB DEFAULT CHARSET=utf8mb4 COLLATE=utf8mb4_0900_ai_ci;
/*!40101 SET character_set_client = @saved_cs_client */;

LOCK TABLES `auth_group_permissions` WRITE;
/*!40000 ALTER TABLE `auth_group_permissions` DISABLE KEYS */;
/*!40000 ALTER TABLE `auth_group_permissions` ENABLE KEYS */;
UNLOCK TABLES;
DROP TABLE IF EXISTS `auth_permission`;
/*!40101 SET @saved_cs_client     = @@character_set_client */;
/*!40101 SET character_set_client = utf8 */;
CREATE TABLE `auth_permission` (
  `id` int NOT NULL AUTO_INCREMENT,
  `name` varchar(255) NOT NULL,
  `content_type_id` int NOT NULL,
  `codename` varchar(100) NOT NULL,
  PRIMARY KEY (`id`),
  UNIQUE KEY `auth_permission_content_type_id_codename_01ab375a_uniq` (`content_type_id`,`codename`),
  CONSTRAINT `auth_permission_content_type_id_2f476e4b_fk_django_co` FOREIGN KEY (`content_type_id`) REFERENCES `django_content_type` (`id`)
) ENGINE=InnoDB AUTO_INCREMENT=117 DEFAULT CHARSET=utf8mb4 COLLATE=utf8mb4_0900_ai_ci;
/*!40101 SET character_set_client = @saved_cs_client */;

LOCK TABLES `auth_permission` WRITE;
/*!40000 ALTER TABLE `auth_permission` DISABLE KEYS */;
INSERT INTO `auth_permission` VALUES (1,_binary 'Can add log entry',1,_binary 'add_logentry'),(2,_binary 'Can change log entry',1,_binary 'change_logentry'),(3,_binary 'Can delete log entry',1,_binary 'delete_logentry'),(4,_binary 'Can view log entry',1,_binary 'view_logentry'),(5,_binary 'Can add permission',2,_binary 'add_permission'),(6,_binary 'Can change permission',2,_binary 'change_permission'),(7,_binary 'Can delete permission',2,_binary 'delete_permission'),(8,_binary 'Can view permission',2,_binary 'view_permission'),(9,_binary 'Can add group',3,_binary 'add_group'),(10,_binary 'Can change group',3,_binary 'change_group'),(11,_binary 'Can delete group',3,_binary 'delete_group'),(12,_binary 'Can view group',3,_binary 'view_group'),(13,_binary 'Can add user',4,_binary 'add_user'),(14,_binary 'Can change user',4,_binary 'change_user'),(15,_binary 'Can delete user',4,_binary 'delete_user'),(16,_binary 'Can view user',4,_binary 'view_user'),(17,_binary 'Can add content type',5,_binary 'add_contenttype'),(18,_binary 'Can change content type',5,_binary 'change_contenttype'),(19,_binary 'Can delete content type',5,_binary 'delete_contenttype'),(20,_binary 'Can view content type',5,_binary 'view_contenttype'),(21,_binary 'Can add session',6,_binary 'add_session'),(22,_binary 'Can change session',6,_binary 'change_session'),(23,_binary 'Can delete session',6,_binary 'delete_session'),(24,_binary 'Can view session',6,_binary 'view_session'),(73,_binary 'Can add Категория',18,_binary 'add_category'),(74,_binary 'Can change Категория',18,_binary 'change_category'),(75,_binary 'Can delete Категория',18,_binary 'delete_category'),(76,_binary 'Can view Категория',18,_binary 'view_category'),(77,_binary 'Can add Товар',19,_binary 'add_product'),(78,_binary 'Can change Товар',19,_binary 'change_product'),(79,_binary 'Can delete Товар',19,_binary 'delete_product'),(80,_binary 'Can view Товар',19,_binary 'view_product'),(81,_binary 'Can add Производитель',20,_binary 'add_brand'),(82,_binary 'Can change Производитель',20,_binary 'change_brand'),(83,_binary 'Can delete Производитель',20,_binary 'delete_brand'),(84,_binary 'Can view Производитель',20,_binary 'view_brand'),(85,_binary 'Can add variable item',21,_binary 'add_variableitem'),(86,_binary 'Can change variable item',21,_binary 'change_variableitem'),(87,_binary 'Can delete variable item',21,_binary 'delete_variableitem'),(88,_binary 'Can view variable item',21,_binary 'view_variableitem'),(89,_binary 'Can add variable',22,_binary 'add_variable'),(90,_binary 'Can change variable',22,_binary 'change_variable'),(91,_binary 'Can delete variable',22,_binary 'delete_variable'),(92,_binary 'Can view variable',22,_binary 'view_variable'),(93,_binary 'Can add Группа',23,_binary 'add_maincategory'),(94,_binary 'Can change Группа',23,_binary 'change_maincategory'),(95,_binary 'Can delete Группа',23,_binary 'delete_maincategory'),(96,_binary 'Can view Группа',23,_binary 'view_maincategory'),(97,_binary 'Can add Заказ',24,_binary 'add_order'),(98,_binary 'Can change Заказ',24,_binary 'change_order'),(99,_binary 'Can delete Заказ',24,_binary 'delete_order'),(100,_binary 'Can view Заказ',24,_binary 'view_order'),(101,_binary 'Can add order item',25,_binary 'add_orderitem'),(102,_binary 'Can change order item',25,_binary 'change_orderitem'),(103,_binary 'Can delete order item',25,_binary 'delete_orderitem'),(104,_binary 'Can view order item',25,_binary 'view_orderitem'),(105,_binary 'Can add Статья',26,_binary 'add_post'),(106,_binary 'Can change Статья',26,_binary 'change_post'),(107,_binary 'Can delete Статья',26,_binary 'delete_post'),(108,_binary 'Can view Статья',26,_binary 'view_post'),(109,_binary 'Can add post category',27,_binary 'add_postcategory'),(110,_binary 'Can change post category',27,_binary 'change_postcategory'),(111,_binary 'Can delete post category',27,_binary 'delete_postcategory'),(112,_binary 'Can view post category',27,_binary 'view_postcategory'),(113,_binary 'Can add attachment',28,_binary 'add_attachment'),(114,_binary 'Can change attachment',28,_binary 'change_attachment'),(115,_binary 'Can delete attachment',28,_binary 'delete_attachment'),(116,_binary 'Can view attachment',28,_binary 'view_attachment');
/*!40000 ALTER TABLE `auth_permission` ENABLE KEYS */;
UNLOCK TABLES;
DROP TABLE IF EXISTS `auth_user`;
/*!40101 SET @saved_cs_client     = @@character_set_client */;
/*!40101 SET character_set_client = utf8 */;
CREATE TABLE `auth_user` (
  `id` int NOT NULL AUTO_INCREMENT,
  `password` varchar(128) NOT NULL,
  `last_login` datetime(6) DEFAULT NULL,
  `is_superuser` tinyint(1) NOT NULL,
  `username` varchar(150) NOT NULL,
  `first_name` varchar(150) NOT NULL,
  `last_name` varchar(150) NOT NULL,
  `email` varchar(254) NOT NULL,
  `is_staff` tinyint(1) NOT NULL,
  `is_active` tinyint(1) NOT NULL,
  `date_joined` datetime(6) NOT NULL,
  PRIMARY KEY (`id`),
  UNIQUE KEY `username` (`username`)
) ENGINE=InnoDB AUTO_INCREMENT=6 DEFAULT CHARSET=utf8mb4 COLLATE=utf8mb4_0900_ai_ci;
/*!40101 SET character_set_client = @saved_cs_client */;

LOCK TABLES `auth_user` WRITE;
/*!40000 ALTER TABLE `auth_user` DISABLE KEYS */;
INSERT INTO `auth_user` VALUES (1,_binary 'pbkdf2_sha256$1000000$kFeBqBYUzIsS62L5bJokIJ$uNildmdCvutPs6V8yUBnUI6hGCzjvwdgcP9sD2ajHks=','2025-05-27 14:58:00.876457',1,_binary 'admin','','',_binary 'katran-pnevmo@yandex.ru',1,1,'2025-04-14 17:45:12.035324');
/*!40000 ALTER TABLE `auth_user` ENABLE KEYS */;
UNLOCK TABLES;
DROP TABLE IF EXISTS `auth_user_groups`;
/*!40101 SET @saved_cs_client     = @@character_set_client */;
/*!40101 SET character_set_client = utf8 */;
CREATE TABLE `auth_user_groups` (
  `id` bigint NOT NULL AUTO_INCREMENT,
  `user_id` int NOT NULL,
  `group_id` int NOT NULL,
  PRIMARY KEY (`id`),
  UNIQUE KEY `auth_user_groups_user_id_group_id_94350c0c_uniq` (`user_id`,`group_id`),
  KEY `auth_user_groups_group_id_97559544_fk_auth_group_id` (`group_id`),
  CONSTRAINT `auth_user_groups_group_id_97559544_fk_auth_group_id` FOREIGN KEY (`group_id`) REFERENCES `auth_group` (`id`),
  CONSTRAINT `auth_user_groups_user_id_6a12ed8b_fk_auth_user_id` FOREIGN KEY (`user_id`) REFERENCES `auth_user` (`id`)
) ENGINE=InnoDB DEFAULT CHARSET=utf8mb4 COLLATE=utf8mb4_0900_ai_ci;
/*!40101 SET character_set_client = @saved_cs_client */;

LOCK TABLES `auth_user_groups` WRITE;
/*!40000 ALTER TABLE `auth_user_groups` DISABLE KEYS */;
/*!40000 ALTER TABLE `auth_user_groups` ENABLE KEYS */;
UNLOCK TABLES;
DROP TABLE IF EXISTS `auth_user_user_permissions`;
/*!40101 SET @saved_cs_client     = @@character_set_client */;
/*!40101 SET character_set_client = utf8 */;
CREATE TABLE `auth_user_user_permissions` (
  `id` bigint NOT NULL AUTO_INCREMENT,
  `user_id` int NOT NULL,
  `permission_id` int NOT NULL,
  PRIMARY KEY (`id`),
  UNIQUE KEY `auth_user_user_permissions_user_id_permission_id_14a6b632_uniq` (`user_id`,`permission_id`),
  KEY `auth_user_user_permi_permission_id_1fbb5f2c_fk_auth_perm` (`permission_id`),
  CONSTRAINT `auth_user_user_permi_permission_id_1fbb5f2c_fk_auth_perm` FOREIGN KEY (`permission_id`) REFERENCES `auth_permission` (`id`),
  CONSTRAINT `auth_user_user_permissions_user_id_a95ead1b_fk_auth_user_id` FOREIGN KEY (`user_id`) REFERENCES `auth_user` (`id`)
) ENGINE=InnoDB DEFAULT CHARSET=utf8mb4 COLLATE=utf8mb4_0900_ai_ci;
/*!40101 SET character_set_client = @saved_cs_client */;

LOCK TABLES `auth_user_user_permissions` WRITE;
/*!40000 ALTER TABLE `auth_user_user_permissions` DISABLE KEYS */;
/*!40000 ALTER TABLE `auth_user_user_permissions` ENABLE KEYS */;
UNLOCK TABLES;
DROP TABLE IF EXISTS `blog_post`;
/*!40101 SET @saved_cs_client     = @@character_set_client */;
/*!40101 SET character_set_client = utf8 */;
CREATE TABLE `blog_post` (
  `id` bigint NOT NULL AUTO_INCREMENT,
  `title` varchar(255) NOT NULL,
  `slug` varchar(255) NOT NULL,
  `body` longtext,
  `created_at` datetime(6) NOT NULL,
  `last_modified` datetime(6) NOT NULL,
  `image` varchar(100) DEFAULT NULL,
  `thumbnail` varchar(100) DEFAULT NULL,
  `postcategory_id` bigint NOT NULL,
  PRIMARY KEY (`id`),
  KEY `blog_post_slug_b95473f2` (`slug`),
  KEY `blog_post_postcategory_id_def0183d_fk_blog_postcategory_id` (`postcategory_id`),
  CONSTRAINT `blog_post_postcategory_id_def0183d_fk_blog_postcategory_id` FOREIGN KEY (`postcategory_id`) REFERENCES `blog_postcategory` (`id`)
) ENGINE=InnoDB DEFAULT CHARSET=utf8mb4 COLLATE=utf8mb4_0900_ai_ci;
/*!40101 SET character_set_client = @saved_cs_client */;

LOCK TABLES `blog_post` WRITE;
/*!40000 ALTER TABLE `blog_post` DISABLE KEYS */;
/*!40000 ALTER TABLE `blog_post` ENABLE KEYS */;
UNLOCK TABLES;
DROP TABLE IF EXISTS `blog_postcategory`;
/*!40101 SET @saved_cs_client     = @@character_set_client */;
/*!40101 SET character_set_client = utf8 */;
CREATE TABLE `blog_postcategory` (
  `id` bigint NOT NULL AUTO_INCREMENT,
  `name` varchar(255) NOT NULL,
  `slug` varchar(255) NOT NULL,
  PRIMARY KEY (`id`),
  KEY `blog_category_slug_92643dc5` (`slug`)
) ENGINE=InnoDB DEFAULT CHARSET=utf8mb4 COLLATE=utf8mb4_0900_ai_ci;
/*!40101 SET character_set_client = @saved_cs_client */;

LOCK TABLES `blog_postcategory` WRITE;
/*!40000 ALTER TABLE `blog_postcategory` DISABLE KEYS */;
/*!40000 ALTER TABLE `blog_postcategory` ENABLE KEYS */;
UNLOCK TABLES;
DROP TABLE IF EXISTS `django_admin_log`;
/*!40101 SET @saved_cs_client     = @@character_set_client */;
/*!40101 SET character_set_client = utf8 */;
CREATE TABLE `django_admin_log` (
  `id` int NOT NULL AUTO_INCREMENT,
  `action_time` datetime(6) NOT NULL,
  `object_id` longtext,
  `object_repr` varchar(200) NOT NULL,
  `action_flag` smallint unsigned NOT NULL,
  `change_message` longtext NOT NULL,
  `content_type_id` int DEFAULT NULL,
  `user_id` int NOT NULL,
  PRIMARY KEY (`id`),
  KEY `django_admin_log_content_type_id_c4bce8eb_fk_django_co` (`content_type_id`),
  KEY `django_admin_log_user_id_c564eba6_fk_auth_user_id` (`user_id`),
  CONSTRAINT `django_admin_log_content_type_id_c4bce8eb_fk_django_co` FOREIGN KEY (`content_type_id`) REFERENCES `django_content_type` (`id`),
  CONSTRAINT `django_admin_log_user_id_c564eba6_fk_auth_user_id` FOREIGN KEY (`user_id`) REFERENCES `auth_user` (`id`),
  CONSTRAINT `django_admin_log_chk_1` CHECK ((`action_flag` >= 0))
) ENGINE=InnoDB AUTO_INCREMENT=6651 DEFAULT CHARSET=utf8mb4 COLLATE=utf8mb4_0900_ai_ci;
/*!40101 SET character_set_client = @saved_cs_client */;

LOCK TABLES `django_admin_log` WRITE;
/*!40000 ALTER TABLE `django_admin_log` DISABLE KEYS */;
INSERT INTO `django_admin_log` VALUES (6470,'2025-04-15 08:09:12.188058',_binary '1',_binary 'Пневматический инструмент',1,_binary '[{\"added\": {}}]',23,1),(6471,'2025-04-15 08:09:22.959242',_binary '2',_binary 'Пневматическое оборудование',1,_binary '[{\"added\": {}}]',23,1),(6472,'2025-04-15 08:09:39.579583',_binary '3',_binary 'Инструментальные принадлежности',1,_binary '[{\"added\": {}}]',23,1),(6473,'2025-04-15 08:09:46.238164',_binary '4',_binary 'Запчасти',1,_binary '[{\"added\": {}}]',23,1),(6474,'2025-04-15 08:09:58.433998',_binary '5',_binary 'Аксессуары',1,_binary '[{\"added\": {}}]',23,1),(6475,'2025-04-15 08:44:54.288744',_binary '1',_binary 'Катран-Пневмо',1,_binary '[{\"added\": {}}]',20,1),(6476,'2025-04-15 08:52:39.620875',_binary '2',_binary 'Daewoo',1,_binary '[{\"added\": {}}]',20,1),(6477,'2025-04-15 08:52:52.317474',_binary '3',_binary 'JSD Tools',1,_binary '[{\"added\": {}}]',20,1),(6478,'2025-04-15 08:52:59.122157',_binary '4',_binary 'Китай',1,_binary '[{\"added\": {}}]',20,1),(6479,'2025-04-15 08:53:21.798312',_binary '5',_binary 'Nanfang',1,_binary '[{\"added\": {}}]',20,1),(6480,'2025-04-15 08:53:32.232906',_binary '6',_binary 'U-Tools',1,_binary '[{\"added\": {}}]',20,1),(6481,'2025-04-15 08:53:42.692418',_binary '7',_binary 'СудоРПМ',1,_binary '[{\"added\": {}}]',20,1),(6482,'2025-04-15 08:53:54.680407',_binary '8',_binary 'Россия',1,_binary '[{\"added\": {}}]',20,1),(6483,'2025-04-15 08:54:05.510446',_binary '9',_binary 'ТЭМЗ, Россия',1,_binary '[{\"added\": {}}]',20,1),(6484,'2025-04-15 08:54:15.439845',_binary '10',_binary 'ТЗК, Россия',1,_binary '[{\"added\": {}}]',20,1),(6485,'2025-04-15 08:54:25.832747',_binary '11',_binary 'МЗПИ, Россия',1,_binary '[{\"added\": {}}]',20,1),(6486,'2025-04-15 08:55:12.976053',_binary '12',_binary 'Hymair',1,_binary '[{\"added\": {}}]',20,1),(6487,'2025-04-15 08:57:17.555585',_binary '13',_binary 'КМЗ, Россия',1,_binary '[{\"added\": {}}]',20,1),(6488,'2025-04-15 08:57:31.765829',_binary '1',_binary 'Катран-Пневмо, Россия',2,_binary '[{\"changed\": {\"fields\": [\"Title\"]}}]',20,1),(6489,'2025-04-15 08:57:43.911495',_binary '7',_binary 'СудоРПМ',2,_binary '[]',20,1),(6490,'2025-04-15 08:57:50.415311',_binary '1',_binary 'Катран-Пневмо',2,_binary '[{\"changed\": {\"fields\": [\"Title\"]}}]',20,1),(6491,'2025-04-15 08:57:59.003580',_binary '13',_binary 'КМЗ',2,_binary '[{\"changed\": {\"fields\": [\"Title\", \"Slug\"]}}]',20,1),(6492,'2025-04-15 08:58:09.461515',_binary '11',_binary 'МЗПИ',2,_binary '[{\"changed\": {\"fields\": [\"Title\", \"Slug\"]}}]',20,1),(6493,'2025-04-15 08:58:17.571127',_binary '10',_binary 'ТЗК',2,_binary '[{\"changed\": {\"fields\": [\"Title\", \"Slug\"]}}]',20,1),(6494,'2025-04-15 08:58:27.033012',_binary '9',_binary 'ТЭМЗ',2,_binary '[{\"changed\": {\"fields\": [\"Title\", \"Slug\"]}}]',20,1),(6495,'2025-04-15 11:23:14.380178',_binary '32',_binary 'Лопатки для пневмошлифмашин',2,_binary '[{\"changed\": {\"fields\": [\"Is features\"]}}]',18,1),(6496,'2025-04-15 11:23:34.816906',_binary '16',_binary 'Шлифмашины цанговые',2,_binary '[{\"changed\": {\"fields\": [\"Is features\"]}}]',18,1),(6497,'2025-04-15 11:23:38.631232',_binary '15',_binary 'Шлифмашины угловые (пневмоболгарки)',2,_binary '[{\"changed\": {\"fields\": [\"Is features\"]}}]',18,1),(6498,'2025-04-15 11:23:43.135364',_binary '14',_binary 'Шлифмашины торцевые (вертикальные)',2,_binary '[{\"changed\": {\"fields\": [\"Is features\"]}}]',18,1),(6499,'2025-04-15 11:23:47.038904',_binary '13',_binary 'Шлифмашины радиальные (прямые)',2,_binary '[{\"changed\": {\"fields\": [\"Is features\"]}}]',18,1),(6500,'2025-04-15 11:23:50.757097',_binary '12',_binary 'Шлифмашины орбитальные',2,_binary '[{\"changed\": {\"fields\": [\"Is features\"]}}]',18,1),(6501,'2025-04-15 11:23:56.633968',_binary '11',_binary 'Трамбовки',2,_binary '[{\"changed\": {\"fields\": [\"Is features\"]}}]',18,1),(6502,'2025-04-15 11:24:00.194031',_binary '10',_binary 'Сверлильные машины (пневмодрели)',2,_binary '[{\"changed\": {\"fields\": [\"Is features\"]}}]',18,1),(6503,'2025-04-15 11:24:04.538951',_binary '9',_binary 'Резьбонарезные машины',2,_binary '[{\"changed\": {\"fields\": [\"Is features\"]}}]',18,1),(6504,'2025-04-15 11:24:24.938788',_binary '7',_binary 'Перфораторы',2,_binary '[{\"changed\": {\"fields\": [\"Is features\"]}}]',18,1),(6505,'2025-04-15 11:24:28.544512',_binary '6',_binary 'Молотки рубильные и пневмозубила',2,_binary '[{\"changed\": {\"fields\": [\"Is features\"]}}]',18,1),(6506,'2025-04-15 11:24:31.897909',_binary '5',_binary 'Молотки отбойные и бетоноломы',2,_binary '[{\"changed\": {\"fields\": [\"Is features\"]}}]',18,1),(6507,'2025-04-15 11:24:34.918340',_binary '2',_binary 'Гайковерты',2,_binary '[{\"changed\": {\"fields\": [\"Is features\"]}}]',18,1),(6508,'2025-04-15 11:24:38.340034',_binary '3',_binary 'Краскораспылители',2,_binary '[{\"changed\": {\"fields\": [\"Is features\"]}}]',18,1),(6509,'2025-04-15 11:24:41.348259',_binary '21',_binary 'Зубила для рубильных пневмомолотков',2,_binary '[{\"changed\": {\"fields\": [\"Is features\"]}}]',18,1),(6510,'2025-04-15 11:24:45.176033',_binary '22',_binary 'Пики для отбойных пневмомолотков',2,_binary '[{\"changed\": {\"fields\": [\"Is features\"]}}]',18,1),(6511,'2025-04-15 11:25:11.438047',_binary '26',_binary 'Запчасти для отбойных пневмомолотков',2,_binary '[{\"changed\": {\"fields\": [\"Is features\"]}}]',18,1),(6512,'2025-04-15 11:25:14.289054',_binary '27',_binary 'Запчасти для рубильных пневмомолотков',2,_binary '[{\"changed\": {\"fields\": [\"Is features\"]}}]',18,1),(6513,'2025-04-15 11:25:17.263886',_binary '25',_binary 'Соединительные элементы',2,_binary '[{\"changed\": {\"fields\": [\"Is features\"]}}]',18,1),(6514,'2025-04-15 11:25:20.337136',_binary '24',_binary 'Рукава воздушные (пневмошланги)',2,_binary '[{\"changed\": {\"fields\": [\"Is features\"]}}]',18,1),(6515,'2025-04-15 12:32:21.386265',_binary '3160',_binary 'Пневмовинтоверт AT-4060B',2,_binary '[{\"changed\": {\"fields\": [\"Is features\"]}}]',19,1),(6516,'2025-04-15 12:32:46.296365',_binary '4161',_binary 'Пневмовинтоверт AT-4050',2,_binary '[{\"changed\": {\"fields\": [\"Is features\"]}}]',19,1),(6517,'2025-04-15 12:32:53.571149',_binary '5470',_binary 'Пневматический винто-гайковерт AT-W9',2,_binary '[{\"changed\": {\"fields\": [\"Is features\"]}}]',19,1),(6519,'2025-04-15 16:49:28.686689',_binary '6555',_binary 'Молоток отбойный МО-4Б',2,_binary '[{\"changed\": {\"fields\": [\"Is features\"]}}]',19,1),(6520,'2025-04-15 16:49:32.210316',_binary '6554',_binary 'Молоток отбойный МО-3Б',2,_binary '[{\"changed\": {\"fields\": [\"Is features\"]}}]',19,1),(6521,'2025-04-15 16:56:01.378187',_binary '237',_binary 'Пневмотрамбовка ТПВ-3А (Катран-Пневмо)',2,_binary '[{\"changed\": {\"fields\": [\"Is features\"]}}]',19,1),(6522,'2025-04-15 16:56:05.223931',_binary '31',_binary 'Пневмотрамбовка ТП-28А (Катран-Пневмо)',2,_binary '[{\"changed\": {\"fields\": [\"Is features\"]}}]',19,1),(6523,'2025-04-15 16:56:09.336869',_binary '4073',_binary 'Пневмогайковерт NF-5K300',2,_binary '[{\"changed\": {\"fields\": [\"Is features\"]}}]',19,1),(6524,'2025-04-15 16:56:13.251820',_binary '4078',_binary 'Пневмотрамбовка ТПВ-3А-М',2,_binary '[{\"changed\": {\"fields\": [\"Is features\"]}}]',19,1),(6525,'2025-04-15 16:56:16.934686',_binary '4163',_binary 'Краскораспылитель AS-1007 HVLP 1,4 мм',2,_binary '[{\"changed\": {\"fields\": [\"Is features\"]}}]',19,1),(6526,'2025-04-15 16:56:21.029104',_binary '5998',_binary 'Краскораспылитель AS-1005 HVLP 1,7 мм',2,_binary '[{\"changed\": {\"fields\": [\"Is features\"]}}]',19,1),(6527,'2025-04-15 16:56:24.651588',_binary '5997',_binary 'Краскораспылитель AS-1005 HVLP 1,4 мм',2,_binary '[{\"changed\": {\"fields\": [\"Is features\"]}}]',19,1),(6528,'2025-04-15 16:56:28.744641',_binary '5996',_binary 'Краскораспылитель AS-4001B',2,_binary '[{\"changed\": {\"fields\": [\"Is features\"]}}]',19,1),(6529,'2025-04-15 17:00:23.360041',_binary '6696',_binary 'Пневмошлифмашина угловая S125B (аналог DAG-5SX)',2,_binary '[{\"changed\": {\"fields\": [\"Brand\", \"Is features\"]}}]',19,1),(6530,'2025-04-15 17:00:28.439870',_binary '6684',_binary 'Пневмошлифмашина угловая SJ125 (аналог DAG-5LX)',2,_binary '[{\"changed\": {\"fields\": [\"Is features\"]}}]',19,1),(6531,'2025-04-15 17:00:34.535421',_binary '6614',_binary 'Пневмошлифмашина угловая SJ180 (аналог DAG-6SX-1)',2,_binary '[{\"changed\": {\"fields\": [\"Brand\", \"Is features\"]}}]',19,1),(6532,'2025-04-15 17:00:41.444331',_binary '6221',_binary 'Пневмошлифмашина угловая S180J60 (аналог DAG-6SX)',2,_binary '[{\"changed\": {\"fields\": [\"Brand\", \"Is features\"]}}]',19,1),(6533,'2025-04-15 17:02:04.412790',_binary '5882',_binary 'Пневмошлифмашина МП-011 (Катран-Пневмо)',2,_binary '[{\"changed\": {\"fields\": [\"Description\", \"Is features\"]}}]',19,1),(6534,'2025-04-15 17:02:15.911989',_binary '4',_binary 'Пневмошлифмашина МП-006 (Катран-Пневмо)',2,_binary '[{\"changed\": {\"fields\": [\"Is features\"]}}]',19,1),(6535,'2025-04-15 17:02:20.333710',_binary '3156',_binary 'Пневмотурбинка AT-010K',2,_binary '[{\"changed\": {\"fields\": [\"Is features\"]}}]',19,1),(6536,'2025-04-15 17:12:36.052113',_binary '6711',_binary 'Пневмошлифмашина S60A (ПШМ-60)',2,_binary '[{\"changed\": {\"fields\": [\"Brand\", \"Is features\"]}}]',19,1),(6537,'2025-04-16 11:18:03.333986',_binary '6711',_binary 'Пневмошлифмашина S60A (ПШМ-60)',2,_binary '[]',19,1),(6538,'2025-04-17 13:11:29.584441',_binary '992',_binary 'Пневмоперфоратор ПП-54В2',2,_binary '[{\"changed\": {\"fields\": [\"Description\"]}}]',19,1),(6539,'2025-04-17 13:11:58.991054',_binary '6710',_binary 'Пневмошлифмашина ИП-2009 (ИП-2009Б)',2,_binary '[{\"changed\": {\"fields\": [\"Description\"]}}]',19,1),(6540,'2025-04-18 07:58:07.976198',_binary '1',_binary 'Катран-Пневмо',2,_binary '[{\"changed\": {\"fields\": [\"Image\"]}}]',20,1),(6541,'2025-04-18 08:04:47.574702',_binary '1',_binary 'Катран-Пневмо',2,_binary '[{\"changed\": {\"fields\": [\"Image\"]}}]',20,1),(6542,'2025-04-18 08:40:44.794676',_binary '2',_binary 'Daewoo',2,_binary '[{\"changed\": {\"fields\": [\"Image\"]}}]',20,1),(6543,'2025-04-18 08:40:52.848668',_binary '3',_binary 'JSD Tools',2,_binary '[{\"changed\": {\"fields\": [\"Image\"]}}]',20,1),(6544,'2025-04-18 08:41:06.205371',_binary '7',_binary 'СудоРПМ',2,_binary '[{\"changed\": {\"fields\": [\"Image\"]}}]',20,1),(6545,'2025-04-18 08:41:18.021157',_binary '9',_binary 'ТЭМЗ',2,_binary '[{\"changed\": {\"fields\": [\"Image\"]}}]',20,1),(6546,'2025-04-18 08:41:29.848643',_binary '12',_binary 'Hymair',2,_binary '[{\"changed\": {\"fields\": [\"Image\"]}}]',20,1),(6547,'2025-04-21 08:27:56.123334',_binary '4982',_binary 'Пневмомашина DAG-5SX',2,_binary '[{\"changed\": {\"fields\": [\"Brand\"]}}]',19,1),(6548,'2025-04-21 08:28:02.200787',_binary '3732',_binary 'Пневмошлифмашина DAG-6SX-1',2,_binary '[{\"changed\": {\"fields\": [\"Brand\"]}}]',19,1),(6549,'2025-04-21 08:28:11.383124',_binary '3561',_binary 'Пневмошлифмашина DAG-6LX',2,_binary '[{\"changed\": {\"fields\": [\"Brand\"]}}]',19,1),(6550,'2025-04-21 08:28:17.605037',_binary '3547',_binary 'Пневмомашина DAG-5LX',2,_binary '[{\"changed\": {\"fields\": [\"Brand\"]}}]',19,1),(6551,'2025-04-21 08:28:23.717286',_binary '2865',_binary 'Пневмошлифмашина DAG-6SX',2,_binary '[{\"changed\": {\"fields\": [\"Brand\"]}}]',19,1),(6552,'2025-04-22 11:18:14.217011',_binary '10',_binary 'ТЗК',2,_binary '[{\"changed\": {\"fields\": [\"Image\"]}}]',20,1),(6553,'2025-04-22 11:19:04.843926',_binary '10',_binary 'ТЗК',2,_binary '[{\"changed\": {\"fields\": [\"Description\"]}}]',20,1),(6554,'2025-05-14 14:47:32.133512',_binary '992',_binary 'Пневмоперфоратор ПП-54В2',2,_binary '[{\"changed\": {\"fields\": [\"Description\"]}}]',19,1),(6555,'2025-05-16 13:20:19.006049',_binary '4',_binary 'Китай',2,_binary '[{\"changed\": {\"fields\": [\"Image\"]}}]',20,1),(6556,'2025-05-16 13:24:13.575316',_binary '7',_binary 'СудоРПМ',2,_binary '[{\"changed\": {\"fields\": [\"Image\"]}}]',20,1),(6557,'2025-05-16 13:26:02.915395',_binary '1',_binary 'Катран-Пневмо',2,_binary '[{\"changed\": {\"fields\": [\"Image\"]}}]',20,1),(6558,'2025-05-16 13:27:07.693389',_binary '2',_binary 'Daewoo',2,_binary '[{\"changed\": {\"fields\": [\"Image\"]}}]',20,1),(6559,'2025-05-16 13:28:45.615841',_binary '3',_binary 'JSD Tools',2,_binary '[{\"changed\": {\"fields\": [\"Image\"]}}]',20,1),(6560,'2025-05-16 13:33:16.287329',_binary '6',_binary 'U-Tools',2,_binary '[{\"changed\": {\"fields\": [\"Image\"]}}]',20,1),(6561,'2025-05-16 13:43:57.629487',_binary '8',_binary 'Россия',2,_binary '[{\"changed\": {\"fields\": [\"Image\"]}}]',20,1),(6562,'2025-05-16 13:44:48.007154',_binary '4',_binary 'Китай',2,_binary '[{\"changed\": {\"fields\": [\"Image\"]}}]',20,1),(6563,'2025-05-19 08:41:35.373105',_binary '914',_binary 'Пневмомолоток клепальный ИП-4010М (ТЭМЗ)',2,_binary '[{\"changed\": {\"fields\": [\"Brand\", \"Description\"]}}]',19,1),(6564,'2025-05-19 08:41:54.819180',_binary '6710',_binary 'Пневмошлифмашина ИП-2009 (ИП-2009Б)',2,_binary '[{\"changed\": {\"fields\": [\"Brand\", \"Description\"]}}]',19,1),(6565,'2025-05-19 08:42:00.590489',_binary '6146',_binary 'Пневмотурбинка DMG-3M',2,_binary '[{\"changed\": {\"fields\": [\"Brand\"]}}]',19,1),(6566,'2025-05-19 08:43:16.799179',_binary '54',_binary 'Пневмосверлильная машина ИП-1027',2,_binary '[{\"changed\": {\"fields\": [\"Brand\"]}}]',19,1),(6567,'2025-05-19 08:43:24.268182',_binary '4901',_binary 'Молоток отбойный МОП-4 (ТЗК)',2,_binary '[{\"changed\": {\"fields\": [\"Brand\"]}}]',19,1),(6568,'2025-05-19 08:43:29.381439',_binary '4848',_binary 'Рукоятка боковая NF-3883',2,_binary '[{\"changed\": {\"fields\": [\"Brand\"]}}]',19,1),(6569,'2025-05-19 08:43:57.697632',_binary '4608',_binary 'Пневмошлифмашина МПС-2215МЩ',2,_binary '[{\"changed\": {\"fields\": [\"Brand\"]}}]',19,1),(6570,'2025-05-19 08:45:01.405523',_binary '4547',_binary 'Молоток отбойный МО-4Б (ТЭМЗ)',2,_binary '[{\"changed\": {\"fields\": [\"Brand\"]}}]',19,1),(6571,'2025-05-19 08:45:05.846474',_binary '4155',_binary 'Молоток отбойный МО-3Б (ТЭМЗ)',2,_binary '[{\"changed\": {\"fields\": [\"Brand\"]}}]',19,1),(6572,'2025-05-19 08:45:10.823096',_binary '4154',_binary 'Молоток отбойный МО-2Б (ТЭМЗ)',2,_binary '[{\"changed\": {\"fields\": [\"Brand\"]}}]',19,1),(6573,'2025-05-19 08:45:16.150319',_binary '4118',_binary 'Молоток отбойный МОП-3 (ТЗК)',2,_binary '[{\"changed\": {\"fields\": [\"Brand\"]}}]',19,1),(6574,'2025-05-19 08:45:21.654223',_binary '4117',_binary 'Молоток отбойный МОП-2 (ТЗК)',2,_binary '[{\"changed\": {\"fields\": [\"Brand\"]}}]',19,1),(6575,'2025-05-19 08:45:31.390817',_binary '3768',_binary 'Пневмошлифмашина S100Z70 (ПШМ-100)',2,_binary '[{\"changed\": {\"fields\": [\"Brand\"]}}]',19,1),(6576,'2025-05-19 08:45:34.192507',_binary '3734',_binary 'Пневмошлифмашина S150Z66A (ПШМ-150)',2,_binary '[{\"changed\": {\"fields\": [\"Brand\"]}}]',19,1),(6577,'2025-05-19 08:45:39.015527',_binary '3732',_binary 'Пневмошлифмашина DAG-6SX-1',2,_binary '[]',19,1),(6578,'2025-05-19 08:45:44.750245',_binary '3682',_binary 'Пневмошлифмашина DG-38S',2,_binary '[{\"changed\": {\"fields\": [\"Brand\"]}}]',19,1),(6579,'2025-05-19 08:45:49.653215',_binary '3606',_binary 'Молоток отбойный МО-1Б (ТЭМЗ)',2,_binary '[{\"changed\": {\"fields\": [\"Brand\"]}}]',19,1),(6580,'2025-05-19 08:45:58.953118',_binary '3521',_binary 'Пневмошлифмашина DSG-25HC',2,_binary '[{\"changed\": {\"fields\": [\"Brand\"]}}]',19,1),(6581,'2025-05-19 08:46:06.630323',_binary '2713',_binary 'Пневмошлифмашина МПС-2215М-8500',2,_binary '[{\"changed\": {\"fields\": [\"Brand\", \"Description\"]}}]',19,1),(6582,'2025-05-19 08:46:11.250974',_binary '2491',_binary 'Пневмошлифмашина DG-38LS',2,_binary '[{\"changed\": {\"fields\": [\"Brand\"]}}]',19,1),(6583,'2025-05-19 08:46:15.969596',_binary '2438',_binary 'Пневмошлифмашина DGL-38LS',2,_binary '[{\"changed\": {\"fields\": [\"Brand\"]}}]',19,1),(6584,'2025-05-19 08:47:56.543166',_binary '9',_binary 'ТЭМЗ',2,_binary '[{\"changed\": {\"fields\": [\"Image\"]}}]',20,1),(6585,'2025-05-19 09:19:15.744428',_binary '4608',_binary 'Пневмошлифмашина МПС-2215МЩ',2,_binary '[{\"changed\": {\"fields\": [\"Is visible\"]}}]',19,1),(6586,'2025-05-19 09:19:43.417249',_binary '2713',_binary 'Пневмошлифмашина МПС-2215М-8500',2,_binary '[{\"changed\": {\"fields\": [\"Is visible\"]}}]',19,1),(6587,'2025-05-19 09:19:55.099950',_binary '1',_binary 'Пневмошлифмашина МПС-2215М (Катран-Пневмо)',2,_binary '[{\"changed\": {\"fields\": [\"Description\", \"Is features\", \"Is bestseller\"]}}]',19,1),(6588,'2025-05-19 09:42:40.271236',_binary '5483',_binary 'Пневмошлифмашина орбитальная AT-980-6V',2,_binary '[{\"changed\": {\"fields\": [\"Is visible\"]}}]',19,1),(6589,'2025-05-19 13:34:25.438474',_binary '5483',_binary 'Пневмошлифмашина орбитальная AT-980-6V',2,_binary '[{\"changed\": {\"fields\": [\"Is features\", \"Is sale\", \"Is bestseller\", \"Is visible\"]}}]',19,1),(6590,'2025-05-21 11:00:34.947277',_binary '6142',_binary 'Зубило для пневмозубила DCH-24',2,_binary '[{\"changed\": {\"fields\": [\"Title\", \"Slug\", \"Article\"]}}]',19,1),(6591,'2025-05-21 11:01:54.379870',_binary '6142',_binary 'Зубило для пневмомолотка DCH-24',2,_binary '[{\"changed\": {\"fields\": [\"Title\", \"Slug\"]}}]',19,1),(6592,'2025-05-21 11:22:40.853511',_binary '6315',_binary 'Лопатка для ПШМ DSG-25HC и DSG-25HW',2,_binary '[{\"changed\": {\"fields\": [\"Article\", \"Description\"]}}]',19,1),(6593,'2025-05-21 11:22:56.365752',_binary '6017',_binary 'Лопатка для ПШМ DG-38LS DG-38S DGL-38LS',2,_binary '[{\"changed\": {\"fields\": [\"Article\", \"Description\"]}}]',19,1),(6594,'2025-05-21 11:23:13.185906',_binary '5719',_binary 'Лопатка для DAG-6SX DAG-6LX DAG-6SX-1',2,_binary '[{\"changed\": {\"fields\": [\"Article\", \"Description\"]}}]',19,1),(6595,'2025-05-21 11:23:34.099296',_binary '4723',_binary 'Лопатка для УШМ DAG-5SX DAG-5LX',2,_binary '[{\"changed\": {\"fields\": [\"Article\", \"Description\"]}}]',19,1),(6596,'2025-05-21 11:40:54.859406',_binary '1',_binary 'Катран-Пневмо',2,_binary '[{\"changed\": {\"fields\": [\"Description\"]}}]',20,1),(6597,'2025-05-21 19:34:32.120361',_binary '6696',_binary 'Пневмошлифмашина угловая S125B (аналог DAG-5SX)',2,_binary '[{\"changed\": {\"fields\": [\"Analog\", \"Parts\", \"Similar products\"]}}]',19,1),(6598,'2025-05-22 16:19:45.501267',_binary '6696',_binary 'Пневмошлифмашина угловая S125B (аналог DAG-5SX)',2,_binary '[{\"changed\": {\"fields\": [\"Description\", \"Parts\"]}}]',19,1),(6599,'2025-05-22 16:21:05.147748',_binary '6696',_binary 'Пневмошлифмашина угловая S125B (аналог DAG-5SX)',2,_binary '[{\"changed\": {\"fields\": [\"Parts\"]}}]',19,1),(6600,'2025-05-23 08:32:09.450866',_binary '4982',_binary 'Пневмомашина DAG-5SX',2,_binary '[{\"changed\": {\"fields\": [\"Similar products\"]}}]',19,1),(6601,'2025-05-27 08:19:04.225472',_binary '3848',_binary 'Лопатка для пневмогайковерта AT-238',2,_binary '[{\"changed\": {\"fields\": [\"Is visible\"]}}]',19,1),(6602,'2025-05-27 08:19:13.417142',_binary '3838',_binary 'Лопатка для пневмогайковерта NF-3883',2,_binary '[{\"changed\": {\"fields\": [\"Is visible\"]}}]',19,1),(6603,'2025-05-27 08:19:29.698349',_binary '33',_binary 'Лопатки для пневмогайковертов',2,_binary '[{\"changed\": {\"fields\": [\"Is features\"]}}]',18,1),(6604,'2025-05-27 08:20:10.754956',_binary '3848',_binary 'Лопатка для пневмогайковерта AT-238',2,_binary '[{\"changed\": {\"fields\": [\"Is visible\"]}}]',19,1),(6605,'2025-05-27 08:20:44.224983',_binary '3838',_binary 'Лопатка для пневмогайковерта NF-3883',2,_binary '[{\"changed\": {\"fields\": [\"Is sale\", \"Is visible\"]}}]',19,1),(6606,'2025-05-27 08:21:07.457231',_binary '3848',_binary 'Лопатка для пневмогайковерта AT-238',2,_binary '[{\"changed\": {\"fields\": [\"Is sale\"]}}]',19,1),(6607,'2025-05-27 08:21:44.009796',_binary '32',_binary 'Лопатки для пневмошлифмашин',2,_binary '[{\"changed\": {\"fields\": [\"Ordering\"]}}]',18,1),(6608,'2025-05-27 08:21:47.487900',_binary '33',_binary 'Лопатки для пневмогайковертов',2,_binary '[{\"changed\": {\"fields\": [\"Ordering\"]}}]',18,1),(6609,'2025-05-27 08:22:38.313126',_binary '33',_binary 'Лопатки для пневмогайковертов',2,_binary '[{\"changed\": {\"fields\": [\"Ordering\"]}}]',18,1),(6610,'2025-05-27 08:22:45.145794',_binary '14',_binary 'Шлифмашины торцевые (вертикальные)',2,_binary '[{\"changed\": {\"fields\": [\"Ordering\"]}}]',18,1),(6611,'2025-05-27 08:22:48.530250',_binary '13',_binary 'Шлифмашины радиальные (прямые)',2,_binary '[{\"changed\": {\"fields\": [\"Ordering\"]}}]',18,1),(6612,'2025-05-27 08:22:51.832313',_binary '15',_binary 'Шлифмашины угловые (пневмоболгарки)',2,_binary '[{\"changed\": {\"fields\": [\"Ordering\"]}}]',18,1),(6613,'2025-05-27 08:23:32.689397',_binary '2',_binary 'Гайковерты',2,_binary '[{\"changed\": {\"fields\": [\"Ordering\"]}}]',18,1),(6614,'2025-05-27 08:23:35.913374',_binary '20',_binary 'Головки для пневмогайковертов',2,_binary '[{\"changed\": {\"fields\": [\"Ordering\"]}}]',18,1),(6615,'2025-05-27 08:23:52.029786',_binary '21',_binary 'Зубила для рубильных пневмомолотков',2,_binary '[{\"changed\": {\"fields\": [\"Ordering\"]}}]',18,1),(6616,'2025-05-27 08:23:58.288258',_binary '22',_binary 'Пики для отбойных пневмомолотков',2,_binary '[{\"changed\": {\"fields\": [\"Ordering\"]}}]',18,1),(6617,'2025-05-27 08:24:11.811923',_binary '26',_binary 'Запчасти для отбойных пневмомолотков',2,_binary '[{\"changed\": {\"fields\": [\"Ordering\"]}}]',18,1),(6618,'2025-05-27 08:24:26.182897',_binary '27',_binary 'Запчасти для рубильных пневмомолотков',2,_binary '[{\"changed\": {\"fields\": [\"Ordering\"]}}]',18,1),(6619,'2025-05-27 08:24:34.811109',_binary '29',_binary 'Запчасти для пневмотрамбовок',2,_binary '[{\"changed\": {\"fields\": [\"Ordering\"]}}]',18,1),(6620,'2025-05-27 08:24:41.230730',_binary '28',_binary 'Запчасти для пневмогайковертов',2,_binary '[{\"changed\": {\"fields\": [\"Ordering\"]}}]',18,1),(6621,'2025-05-27 08:25:01.595065',_binary '6',_binary 'Молотки рубильные и пневмозубила',2,_binary '[{\"changed\": {\"fields\": [\"Ordering\"]}}]',18,1),(6622,'2025-05-27 08:25:05.546276',_binary '5',_binary 'Молотки отбойные и бетоноломы',2,_binary '[{\"changed\": {\"fields\": [\"Ordering\"]}}]',18,1),(6623,'2025-05-27 08:25:10.093236',_binary '4',_binary 'Молотки клепальные',2,_binary '[{\"changed\": {\"fields\": [\"Ordering\"]}}]',18,1),(6624,'2025-05-27 12:22:14.024726',_binary '6711',_binary 'Пневмошлифмашина S60A (ПШМ-60)',2,_binary '[{\"changed\": {\"fields\": [\"Is bestseller\"]}}]',19,1),(6625,'2025-05-27 12:22:19.826858',_binary '6278',_binary 'Пневмошлифмашина ИП-2014 (ИП-2014Б)',2,_binary '[{\"changed\": {\"fields\": [\"Is bestseller\"]}}]',19,1),(6626,'2025-05-27 12:22:58.956050',_binary '6696',_binary 'Пневмошлифмашина угловая S125B (аналог DAG-5SX)',2,_binary '[{\"changed\": {\"fields\": [\"Is bestseller\"]}}]',19,1),(6627,'2025-05-27 12:23:03.994899',_binary '6684',_binary 'Пневмошлифмашина угловая SJ125 (аналог DAG-5LX)',2,_binary '[{\"changed\": {\"fields\": [\"Is bestseller\"]}}]',19,1),(6628,'2025-05-27 12:23:08.296789',_binary '6614',_binary 'Пневмошлифмашина угловая SJ180 (аналог DAG-6SX-1)',2,_binary '[{\"changed\": {\"fields\": [\"Is bestseller\"]}}]',19,1),(6629,'2025-05-27 12:23:13.660212',_binary '6221',_binary 'Пневмошлифмашина угловая S180J60 (аналог DAG-6SX)',2,_binary '[{\"changed\": {\"fields\": [\"Is bestseller\"]}}]',19,1),(6630,'2025-05-27 12:23:18.473957',_binary '3561',_binary 'Пневмошлифмашина DAG-6LX',2,_binary '[{\"changed\": {\"fields\": [\"Is bestseller\"]}}]',19,1),(6631,'2025-05-27 12:23:23.825015',_binary '2865',_binary 'Пневмошлифмашина DAG-6SX',2,_binary '[{\"changed\": {\"fields\": [\"Is bestseller\"]}}]',19,1),(6632,'2025-05-27 12:23:53.341324',_binary '19',_binary 'Пневмомолоток рубильный РМ-16А (Катран-Пневмо)',2,_binary '[{\"changed\": {\"fields\": [\"Description\", \"Is bestseller\"]}}]',19,1),(6633,'2025-05-27 12:23:57.796636',_binary '18',_binary 'Пневмомолоток рубильный РМ-12А (Катран-Пневмо)',2,_binary '[{\"changed\": {\"fields\": [\"Description\", \"Is bestseller\"]}}]',19,1),(6634,'2025-05-27 12:24:02.916753',_binary '17',_binary 'Пневмомолоток рубильный РМ-8А (Катран-Пневмо)',2,_binary '[{\"changed\": {\"fields\": [\"Description\", \"Is bestseller\"]}}]',19,1),(6635,'2025-05-27 12:24:08.415393',_binary '1919',_binary 'Пневмомолоток рубильный МР-22 (ТЭМЗ)',2,_binary '[{\"changed\": {\"fields\": [\"Is bestseller\"]}}]',19,1),(6636,'2025-05-27 12:25:02.824723',_binary '5882',_binary 'Пневмошлифмашина МП-011 (Катран-Пневмо)',2,_binary '[{\"changed\": {\"fields\": [\"Is bestseller\"]}}]',19,1),(6637,'2025-05-27 12:25:08.604271',_binary '4',_binary 'Пневмошлифмашина МП-006 (Катран-Пневмо)',2,_binary '[{\"changed\": {\"fields\": [\"Is bestseller\"]}}]',19,1),(6638,'2025-05-27 12:25:13.438775',_binary '3156',_binary 'Пневмотурбинка AT-010K',2,_binary '[{\"changed\": {\"fields\": [\"Is bestseller\"]}}]',19,1),(6639,'2025-05-27 12:25:20.134652',_binary '6115',_binary 'Пневмошлифмашина AT-7033L',2,_binary '[{\"changed\": {\"fields\": [\"Is bestseller\"]}}]',19,1),(6640,'2025-05-27 12:32:41.916366',_binary '3763',_binary 'Пневматический гайковерт NF-3883',2,_binary '[{\"changed\": {\"fields\": [\"Description\", \"Is bestseller\", \"Image\"]}}]',19,1),(6641,'2025-05-27 12:36:09.095669',_binary '3763',_binary 'Пневматический гайковерт NF-3883',2,_binary '[{\"added\": {\"name\": \"variable\", \"object\": \"\\u0412\\u0435\\u0441\"}}, {\"added\": {\"name\": \"variable\", \"object\": \"\\u0427\\u0430\\u0441\\u0442\\u043e\\u0442\\u0430 \\u0432\\u0440\\u0430\\u0449\\u0435\\u043d\\u0438\\u044f \\u0448\\u043f\\u0438\\u043d\\u0434\\u0435\\u043b\\u044f \\u043d\\u0430 \\u0445\\u043e\\u043b\\u043e\\u0441\\u0442\\u043e\\u043c \\u0445\\u043e\\u0434\\u0443\"}}, {\"added\": {\"name\": \"variable\", \"object\": \"\\u0420\\u0430\\u0441\\u0445\\u043e\\u0434 \\u0432\\u043e\\u0437\\u0434\\u0443\\u0445\\u0430\"}}, {\"added\": {\"name\": \"variable\", \"object\": \"\\u0414\\u043b\\u0438\\u043d\\u0430\"}}, {\"added\": {\"name\": \"variable\", \"object\": \"\\u041a\\u0432\\u0430\\u0434\\u0440\\u0430\\u0442\"}}, {\"added\": {\"name\": \"variable\", \"object\": \"\\u041c\\u0430\\u043a\\u0441. \\u043c\\u043e\\u043c\\u0435\\u043d\\u0442 \\u0437\\u0430\\u0442\\u044f\\u0436\\u043a\\u0438\"}}]',19,1),(6642,'2025-05-27 12:36:41.548111',_binary '3763',_binary 'Пневматический гайковерт NF-3883',2,_binary '[{\"changed\": {\"fields\": [\"Parts\"]}}]',19,1),(6643,'2025-05-27 15:00:12.249233',_binary '25',_binary 'Соединительные элементы',2,_binary '[{\"changed\": {\"fields\": [\"Is features\"]}}]',18,1),(6644,'2025-05-27 15:00:23.617363',_binary '24',_binary 'Рукава воздушные (пневмошланги)',2,_binary '[{\"changed\": {\"fields\": [\"Is features\"]}}]',18,1),(6645,'2025-05-27 15:00:55.340440',_binary '9',_binary 'Резьбонарезные машины',2,_binary '[{\"changed\": {\"fields\": [\"Is features\"]}}]',18,1),(6646,'2025-05-27 15:01:02.035034',_binary '7',_binary 'Перфораторы',2,_binary '[{\"changed\": {\"fields\": [\"Is features\"]}}]',18,1),(6647,'2025-05-27 15:01:22.769613',_binary '27',_binary 'Запчасти для рубильных пневмомолотков',2,_binary '[{\"changed\": {\"fields\": [\"Is features\"]}}]',18,1),(6648,'2025-05-27 15:01:27.329205',_binary '26',_binary 'Запчасти для отбойных пневмомолотков',2,_binary '[{\"changed\": {\"fields\": [\"Is features\"]}}]',18,1),(6649,'2025-05-27 15:05:17.448955',_binary '19',_binary 'Редукторы',2,_binary '[{\"changed\": {\"fields\": [\"Is features\"]}}]',18,1),(6650,'2025-05-27 15:05:24.482481',_binary '19',_binary 'Редукторы',2,_binary '[{\"changed\": {\"fields\": [\"Is features\"]}}]',18,1);
/*!40000 ALTER TABLE `django_admin_log` ENABLE KEYS */;
UNLOCK TABLES;
DROP TABLE IF EXISTS `django_content_type`;
/*!40101 SET @saved_cs_client     = @@character_set_client */;
/*!40101 SET character_set_client = utf8 */;
CREATE TABLE `django_content_type` (
  `id` int NOT NULL AUTO_INCREMENT,
  `app_label` varchar(100) NOT NULL,
  `model` varchar(100) NOT NULL,
  PRIMARY KEY (`id`),
  UNIQUE KEY `django_content_type_app_label_model_76bd3d3b_uniq` (`app_label`,`model`)
) ENGINE=InnoDB AUTO_INCREMENT=29 DEFAULT CHARSET=utf8mb4 COLLATE=utf8mb4_0900_ai_ci;
/*!40101 SET character_set_client = @saved_cs_client */;

LOCK TABLES `django_content_type` WRITE;
/*!40000 ALTER TABLE `django_content_type` DISABLE KEYS */;
INSERT INTO `django_content_type` VALUES (1,_binary 'admin',_binary 'logentry'),(3,_binary 'auth',_binary 'group'),(2,_binary 'auth',_binary 'permission'),(4,_binary 'auth',_binary 'user'),(26,_binary 'blog',_binary 'post'),(27,_binary 'blog',_binary 'postcategory'),(5,_binary 'contenttypes',_binary 'contenttype'),(28,_binary 'django_summernote',_binary 'attachment'),(24,_binary 'order',_binary 'order'),(25,_binary 'order',_binary 'orderitem'),(6,_binary 'sessions',_binary 'session'),(20,_binary 'store',_binary 'brand'),(18,_binary 'store',_binary 'category'),(23,_binary 'store',_binary 'maincategory'),(19,_binary 'store',_binary 'product'),(22,_binary 'store',_binary 'variable'),(21,_binary 'store',_binary 'variableitem');
/*!40000 ALTER TABLE `django_content_type` ENABLE KEYS */;
UNLOCK TABLES;
DROP TABLE IF EXISTS `django_migrations`;
/*!40101 SET @saved_cs_client     = @@character_set_client */;
/*!40101 SET character_set_client = utf8 */;
CREATE TABLE `django_migrations` (
  `id` bigint NOT NULL AUTO_INCREMENT,
  `app` varchar(255) NOT NULL,
  `name` varchar(255) NOT NULL,
  `applied` datetime(6) NOT NULL,
  PRIMARY KEY (`id`)
) ENGINE=InnoDB AUTO_INCREMENT=69 DEFAULT CHARSET=utf8mb4 COLLATE=utf8mb4_0900_ai_ci;
/*!40101 SET character_set_client = @saved_cs_client */;

LOCK TABLES `django_migrations` WRITE;
/*!40000 ALTER TABLE `django_migrations` DISABLE KEYS */;
INSERT INTO `django_migrations` VALUES (1,_binary 'contenttypes',_binary '0001_initial','2025-04-14 17:45:11.209084'),(2,_binary 'auth',_binary '0001_initial','2025-04-14 17:45:11.361678'),(3,_binary 'admin',_binary '0001_initial','2025-04-14 17:45:11.407134'),(4,_binary 'admin',_binary '0002_logentry_remove_auto_add','2025-04-14 17:45:11.412951'),(5,_binary 'admin',_binary '0003_logentry_add_action_flag_choices','2025-04-14 17:45:11.418348'),(6,_binary 'contenttypes',_binary '0002_remove_content_type_name','2025-04-14 17:45:11.463189'),(7,_binary 'auth',_binary '0002_alter_permission_name_max_length','2025-04-14 17:45:11.483791'),(8,_binary 'auth',_binary '0003_alter_user_email_max_length','2025-04-14 17:45:11.499955'),(9,_binary 'auth',_binary '0004_alter_user_username_opts','2025-04-14 17:45:11.505617'),(10,_binary 'auth',_binary '0005_alter_user_last_login_null','2025-04-14 17:45:11.526873'),(11,_binary 'auth',_binary '0006_require_contenttypes_0002','2025-04-14 17:45:11.527727'),(12,_binary 'auth',_binary '0007_alter_validators_add_error_messages','2025-04-14 17:45:11.533021'),(13,_binary 'auth',_binary '0008_alter_user_username_max_length','2025-04-14 17:45:11.555906'),(14,_binary 'auth',_binary '0009_alter_user_last_name_max_length','2025-04-14 17:45:11.579598'),(15,_binary 'auth',_binary '0010_alter_group_name_max_length','2025-04-14 17:45:11.592924'),(16,_binary 'auth',_binary '0011_update_proxy_permissions','2025-04-14 17:45:11.600186'),(17,_binary 'auth',_binary '0012_alter_user_first_name_max_length','2025-04-14 17:45:11.623390'),(18,_binary 'sessions',_binary '0001_initial','2025-04-14 17:45:11.636599'),(19,_binary 'blog',_binary '0001_initial','2025-04-14 18:01:11.803823'),(20,_binary 'blog',_binary '0002_alter_category_options_remove_post_categories_and_more','2025-04-14 18:01:11.838031'),(21,_binary 'blog',_binary '0003_alter_category_name_alter_post_title','2025-04-14 18:01:11.869998'),(22,_binary 'blog',_binary '0004_rename_category_postcategory_and_more','2025-04-14 18:01:11.922112'),(23,_binary 'blog',_binary '0005_rename_category_post_postcategory','2025-04-14 18:01:11.958239'),(24,_binary 'django_summernote',_binary '0001_initial','2025-04-14 18:01:11.964737'),(25,_binary 'django_summernote',_binary '0002_update-help_text','2025-04-14 18:01:11.966889'),(26,_binary 'django_summernote',_binary '0003_alter_attachment_id','2025-04-14 18:01:11.978074'),(27,_binary 'store',_binary '0001_initial','2025-04-14 18:01:11.989777'),(28,_binary 'store',_binary '0002_alter_category_options_product','2025-04-14 18:01:12.016465'),(29,_binary 'store',_binary '0003_alter_category_options_category_ordering','2025-04-14 18:01:12.031147'),(30,_binary 'store',_binary '0004_alter_product_options_product_created_at','2025-04-14 18:01:12.042823'),(31,_binary 'store',_binary '0005_product_is_features','2025-04-14 18:01:12.054337'),(32,_binary 'store',_binary '0006_alter_product_options_alter_category_ordering','2025-04-14 18:01:12.086191'),(33,_binary 'store',_binary '0007_product_sku','2025-04-14 18:13:33.271838'),(34,_binary 'store',_binary '0008_product_image_product_thumbnail_alter_product_sku','2025-04-14 18:13:33.297223'),(35,_binary 'store',_binary '0009_remove_product_thumbnail_product_thumbnail_200_and_more','2025-04-14 18:13:33.322626'),(36,_binary 'store',_binary '0010_rename_thumbnail_200_product_thumbnail_and_more','2025-04-14 18:13:33.339111'),(37,_binary 'store',_binary '0011_brand','2025-04-14 18:13:33.355263'),(38,_binary 'store',_binary '0012_product_brand','2025-04-14 18:13:33.388656'),(39,_binary 'store',_binary '0013_alter_product_image','2025-04-14 18:13:33.392920'),(40,_binary 'store',_binary '0014_alter_product_image','2025-04-14 18:13:33.396925'),(41,_binary 'store',_binary '0015_alter_product_image','2025-04-14 18:13:33.400652'),(42,_binary 'store',_binary '0016_alter_product_image_alter_product_thumbnail','2025-04-14 18:13:33.406611'),(43,_binary 'store',_binary '0017_alter_product_image_alter_product_thumbnail','2025-04-14 18:13:33.412571'),(44,_binary 'store',_binary '0018_alter_product_image_alter_product_thumbnail','2025-04-14 18:13:33.418440'),(45,_binary 'store',_binary '0019_remove_product_brand','2025-04-14 18:13:33.449268'),(46,_binary 'store',_binary '0020_product_brand','2025-04-14 18:13:33.483635'),(47,_binary 'store',_binary '0021_brand_image_brand_thumbnail','2025-04-14 18:13:33.514153'),(48,_binary 'store',_binary '0022_variableitem_variable','2025-04-14 18:13:33.559363'),(49,_binary 'store',_binary '0023_alter_variable_product_alter_variable_varitem','2025-04-14 18:13:33.568879'),(50,_binary 'store',_binary '0024_product_variables','2025-04-14 18:13:33.574067'),(51,_binary 'store',_binary '0025_alter_product_variables_alter_variable_value','2025-04-14 18:13:33.598432'),(52,_binary 'store',_binary '0026_alter_variableitem_dimention','2025-04-14 18:13:33.620957'),(53,_binary 'order',_binary '0001_initial','2025-04-14 18:13:33.631302'),(54,_binary 'order',_binary '0002_alter_order_options_alter_order_phone','2025-04-14 18:13:33.643442'),(55,_binary 'order',_binary '0003_alter_order_phone','2025-04-14 18:13:33.659140'),(56,_binary 'order',_binary '0004_orderitem','2025-04-14 18:13:33.704784'),(57,_binary 'order',_binary '0005_alter_order_address','2025-04-14 18:13:33.724287'),(58,_binary 'order',_binary '0006_alter_orderitem_order_alter_orderitem_product','2025-04-14 18:13:33.737384'),(59,_binary 'store',_binary '0027_alter_product_brand','2025-04-14 18:13:33.809615'),(60,_binary 'store',_binary '0028_alter_product_category','2025-04-14 18:13:33.816539'),(61,_binary 'store',_binary '0029_maincategory_category_main_category','2025-04-14 18:13:33.860748'),(62,_binary 'store',_binary '0030_category_is_features','2025-04-14 18:13:33.882779'),(63,_binary 'store',_binary '0031_category_description','2025-04-14 18:13:33.897248'),(64,_binary 'store',_binary '0032_alter_product_image_alter_product_thumbnail','2025-04-14 18:13:33.908570'),(65,_binary 'store',_binary '0033_product_article_product_is_bestseller_and_more','2025-05-13 12:11:27.095237'),(66,_binary 'store',_binary '0034_product_is_visible','2025-05-19 09:10:20.986440'),(67,_binary 'store',_binary '0035_product_analog_product_parts_and_more','2025-05-21 19:14:00.814357'),(68,_binary 'store',_binary '0036_auto_20250526_1047','2025-05-26 10:48:54.402463');
/*!40000 ALTER TABLE `django_migrations` ENABLE KEYS */;
UNLOCK TABLES;
DROP TABLE IF EXISTS `django_session`;
/*!40101 SET @saved_cs_client     = @@character_set_client */;
/*!40101 SET character_set_client = utf8 */;
CREATE TABLE `django_session` (
  `session_key` varchar(40) NOT NULL,
  `session_data` longtext NOT NULL,
  `expire_date` datetime(6) NOT NULL,
  PRIMARY KEY (`session_key`),
  KEY `django_session_expire_date_a5c62663` (`expire_date`)
) ENGINE=InnoDB DEFAULT CHARSET=utf8mb4 COLLATE=utf8mb4_0900_ai_ci;
/*!40101 SET character_set_client = @saved_cs_client */;

LOCK TABLES `django_session` WRITE;
/*!40000 ALTER TABLE `django_session` DISABLE KEYS */;
INSERT INTO `django_session` VALUES (_binary '0rr014m0xtbal5pq0717t439e13nyfmd',_binary 'eyJjYXJ0Ijp7fX0:1uEnId:2R5erwCcjWVpYXqHM8nyBsEq_WeFk9BONkm8dqdPjjM','2025-05-14 10:55:51.439851'),(_binary '0wn6at39twxi9lc5gdpge700fmjo9lfj',_binary '.eJxVjM0OgjAQhN9lz6TZ0m35OXr3GUjb3QhqQEs5GMK7K8rF0yTzfTMrRJ8ytCvYpqn3fC5-zEN-QasLeKQhCrQGERUWMDC0P3HbCuj8kvtumSV1X6Dhrws-3mTcAV_9eJlUnMachqB2RR10VueJ5X463L-D3s_9Z42CDqvKkBOyYrAhktIi-tKbunYlaVNFsqQDB4nBITFrtkyEjtESbG-H0kbZ:1u7sZ4:FWt2MbftO2qEe6B3vdSsSnlKzKsYq27UywZy_xAh7nA','2025-04-25 09:08:14.194725'),(_binary '1bpng87is0k77d4g4gt1r8pclmmszhgr',_binary 'eyJjYXJ0Ijp7fX0:1u5s25:8QzPVA-SGocQuulZrIvws4MlXdm9a8wDLbb5Mq7bCd4','2025-04-19 20:09:53.482199'),(_binary '2266s0idh0sf82pszgkhqa405he9vox6',_binary '.eJxVzz0OgzAMBeC7eEaRE5zwM3bvGVASW4W2ghbCUCHuXpBQVRYP73225AWiHxPUC9A-3rPvU5c-UJsMXmMXBWpdIqLCDDqGemNrBvps9c-aiv6shnXDjZ9T28yTjM2RnrLg40P6veC772-DikOfxi6onaijndR1YHleDns60Pqp3bZR0GFR5OSErORYEYmxiN74vCydIZ0XkSzpwEFicEjMmi0ToWO0219fRNZRwQ:1uHjbl:y2gIGniGTYlhSVPPd3c3bypIrYSSVf0CKCowg6IMJ7w','2025-05-22 13:35:45.647965'),(_binary '29ot83tnl5vcm22n2hnszctvl289lqig',_binary 'eyJjYXJ0Ijp7fX0:1uJTMA:lyyvr1VnZfvHX7rYf-jKo2e18GKVZW90WyTjlrjXQ7k','2025-05-27 08:38:50.513928'),(_binary '31fssjj4aznrgc4vvcxraafncrpe5s63',_binary '.eJxVjDEOgzAMRe_iuYoc4gTK2L1niJzYamgrkAhMiLu3SCys_733N8g8L9Bv-w0ir0uJa9U5DgI9WLhsifNHxwPIm8fXZPI0LvOQzKGYk1bznES_j9O9HBSu5V-jYsC2dRSUvDq8E2njEblh13WhIevaTJ5skqQ5BSQRK16IMAh6gv0H7Ow53g:1u5k48:qk_l89RvFNf3sy6wWGdOHL4Da0qMsMNuVUgMIONG2q4','2025-04-19 11:39:28.586665'),(_binary '3sa0m5lrmvu6cl4e43w0nvafuos390yz',_binary '.eJxVjDEOgzAMRe_iuYoc4gTK2L1niJzYamgrkAhMiLu3SCys_733N8g8L9Bv-w0ir0uJa9U5DgI9WLhsifNHxwPIm8fXZPI0LvOQzKGYk1bznES_j9O9HBSu5V-jYsC2dRSUvDq8E2njEblh13WhIevaTJ5skqQ5BSQRK16IMAh6gv0H7Ow53g:1uIRG2:KskRsQKoVE0CEWfZIov-MMDy9Pj_qUNJd-6xkOZglQE','2025-05-24 12:12:14.182453'),(_binary '3sl6vwsvpufr5zqwwdc1kw1dd8wpieuw',_binary 'eyJjYXJ0Ijp7fX0:1uDpEZ:__Hk9VqQ87ueEbs3xPd41f7YyNQNSWOG8SbHhk3jRaQ','2025-05-11 18:47:39.266813'),(_binary '3v3qpkamjogn06ezb4ykendp2d26xhqn',_binary '.eJxVjDEOgzAMRe_iuYoc4gTK2L1niJzYamgrkAhMiLu3SCys_733N8g8L9Bv-w0ir0uJa9U5DgI9WLhsifNHxwPIm8fXZPI0LvOQzKGYk1bznES_j9O9HBSu5V-jYsC2dRSUvDq8E2njEblh13WhIevaTJ5skqQ5BSQRK16IMAh6gv0H7Ow53g:1uBtzf:mhmeI50sy7eLNAe6KGGTDZGHQH-a6l_IUtw7qHQfKR8','2025-05-06 11:28:19.225217'),(_binary '47t5sk3fel52khimd2oduo17wg3jgcll',_binary 'eyJjYXJ0Ijp7IjU0ODMiOnsicXVhbnRpdHkiOjEsInByaWNlIjoyNDAwLjAsImlkIjoiNTQ4MyJ9fX0:1uEnTW:lkSCOVeJjdKyhQ69i1WS6QtGxJ3krIUMB3ywHWiT8OA','2025-05-14 11:07:06.547657'),(_binary '4p1cn3zze7j76qp8ixljuchzwo4wy4qk',_binary 'eyJjYXJ0Ijp7fX0:1uFzvw:2NE6o7d5dsZ_Tbafx5OAJGagX8NrU2Psm3gT-yDKA4I','2025-05-17 18:37:24.158331'),(_binary '5bdvo10jvfp583lq8ufof6rxysursx4t',_binary 'eyJjYXJ0Ijp7fX0:1u4jSu:V6HbWDjvn7796Dotq-gl74yu9OyalKkSLqo7Z8dfMB4','2025-04-16 16:48:52.256758'),(_binary '6553twmx2gfvxrr905wrl50xdg1qbz5k',_binary 'eyJjYXJ0Ijp7fX0:1u4jx1:j1tdcjIQ2n07sqCYtGVHgrhez3LjaQZ98ggdMbFsQrQ','2025-04-16 17:19:59.486656'),(_binary '65y3feeet06ed1ci7v71nghclgpxoz49',_binary 'eyJjYXJ0Ijp7fX0:1u82pU:4MNuACzQA6KIgQh-9O-RcKRY0V0_vQlhxdgsRBoqMx4','2025-04-25 20:05:52.610473'),(_binary '74lskmvd6jkz46yryvlepxiflqrnxxxe',_binary '.eJyF0DEOwjAMBdC7eK4iJ3HS0pGdM1RJbNECaqFNB4S4O03FwsTiwf99D35BCnOG9gWOynysYcxDfkKrK7jPQxJoUWEFA0NbzLsCW5vDf7urTXsyzX-9q_fGu7DmvlsXmbs90PCziyFdZSwBX8J4nlSaxjwPURWivumiThPL7fi1Pwf6sPRbGwU91rUlL-TE4oFIjEMMJtim8Ya0rRM50pGjpOiRmDU7JkLPWP7wAcWEXlg:1uJuhh:PLNoBUD-pxPB5iFIqKR8sLwXvOnRdap4hUYt1kbz4rI','2025-05-28 13:50:53.302591'),(_binary '7iep8ix2ady0933396g89p6qyujn57rj',_binary 'eyJjYXJ0Ijp7fX0:1uIPDj:HlwfXnjXiRyYQ63Tu6jr6hKClB2RqdR-Jwzy_mMOn14','2025-05-24 10:01:43.829585'),(_binary '7otr73a6alrebtf9otncnv39p9v2f0w3',_binary '.eJxVjEEOgyAQRe_CuiGDDGBddu8ZyMBMqm2jieDKePdq4qLd_vf-21SktQ5xLbLEkVWnjLr9bonyW6YT8Ium56zzPNVlTPpU9EWL7meWz-Ny_wIDleF4g4CHECx6QScW7ojSOABqyLatb9DYkNGhSZwkJw_IbNgxIngGh0c001JVt-37F9YmOd4:1u9lKQ:2TANFumiZnxrHelFeGYLu7IQ8RPnrj3f2l_zpMdM5v0','2025-04-30 13:48:54.483555'),(_binary '7ze5bfflxvp4xd0c8hxnd4wknkl3p82r',_binary '.eJxVjDEOgzAMRe_iuYoc4gTK2L1niJzYamgrkAhMiLu3SCys_733N8g8L9Bv-w0ir0uJa9U5DgI9WLhsifNHxwPIm8fXZPI0LvOQzKGYk1bznES_j9O9HBSu5V-jYsC2dRSUvDq8E2njEblh13WhIevaTJ5skqQ5BSQRK16IMAh6gv0H7Ow53g:1uIPox:be5LDhOtGInID3p3W5AgfGJR8s511ToWyI-kzPyZxjQ','2025-05-24 10:40:11.375181'),(_binary '9n279lhgwamltp2tw3upw8r0bf1t4ybs',_binary 'eyJjYXJ0Ijp7fX0:1uEnIc:Cu42d4ndrsJBWmIAi4Hzhx-AUDT3B3l-otUKNz9ZbEg','2025-05-14 10:55:50.501191'),(_binary 'ad7u48a0u5azcaz68r33p77i7ndulkpv',_binary 'eyJjYXJ0Ijp7fX0:1uCYva:xDqgI-wp1pZnndMPqpHR4Gzcu2vafEYyfYYoRTjsqVU','2025-05-08 07:10:50.041997'),(_binary 'am45n5xn6dhkvl5xf13izrmlwpiae1qh',_binary 'eyJjYXJ0Ijp7fX0:1u5iRr:AzmjlFgHJSeQTant7h_2Cmj2DxFUOPA_1VNZbsd_fLc','2025-04-19 09:55:51.351294'),(_binary 'apkwdsiacph3hz24s13hv0fu3wtfg0hu',_binary 'eyJjYXJ0Ijp7fX0:1uI7aF:dYv9gJsf-_j9nDKgdW6lnRJjvoTSfUje9Qp3sy-tzY8','2025-05-23 15:11:47.697624'),(_binary 'ayesqvopjbc46o7j342mj6636ylp9rng',_binary '.eJxVjDEOgzAQBP9ydWSBwTamTM8b0J3vEkgiW8KmQvw9INHQzszuBgGXAv22P2DEtUzjmmUZZ4YeargxwvCVeAr-YHwnFVIsy0zqTNRlsxoSy-95tbeDCfN0rJ2t5YWdeMK2shZroa7RWhsjjumAXpg9GSR2zjVsDHuPQWuWttGVhf0PQz87sg:1u4OU0:5iOvI4VIqCiaCyK759tRcZ1rEUF4O2-s2JdY_iNpAco','2025-04-15 18:24:36.777424'),(_binary 'b0o12ptf0ajcslnxkq6ibcwafl0zmbkx',_binary 'eyJjYXJ0Ijp7fX0:1u81xR:2QeZHD7CP5hw391RYXAtszpP_CsRSezuaRGqDsf4vzQ','2025-04-25 19:10:01.863427'),(_binary 'bbrcif3e8t88zzf0largessv3wn65pav',_binary 'eyJjYXJ0Ijp7fX0:1uFGfS:qy1g79_f3way72qtYgVwpBSpJ8tgUJQz1gyT27c3JZE','2025-05-15 18:17:22.845064'),(_binary 'c29cxhvms89n483dwkfzci05ckcljko5',_binary 'eyJjYXJ0Ijp7fX0:1uJTAu:caZzmqxevtwzwleSfN-X1924nn4wwzjgE-tlfnYt-qc','2025-05-27 08:27:12.118478'),(_binary 'c7fglcx6ot0m9cpd8trlp9hshwtp7hfn',_binary 'eyJjYXJ0Ijp7fX0:1uBApe:EgS2JdPInOZpw8zw-PBfmB9oJWALf-L50vxpyrTRqLA','2025-05-04 11:14:58.354723'),(_binary 'cq5zey7e06hlb01zusgf009b48krkaeg',_binary '.eJxVjEEOgjAQRe8ya9JM6bRFlu49A2k7E0ENKJSFMdxdUaNhNcl_780DUhgz1A8wZNx6b3Poc5fvUJcFXMcuCdRaEyosoGOoP-JSgPNObwP9C3z199_e8gqaMOe2mScZmzfQsNliSGfpV8Cn0B8HlYY-j11Uq6K-dFKHgeWy_7qbB22Y2leNgg69N-SErBjcEUlpEUMZTFW5krTxiSzpyFFSdEjMmi0ToWO0BMsTaj5TrA:1uFDMF:glq2kVl7UrBNfJox4q5siRJvwFssvmMMeihaB3dEgbM','2025-05-15 14:45:19.152652'),(_binary 'du6p9qyn4bgaqjr4ci0bwez5azyofl71',_binary 'eyJjYXJ0Ijp7fX0:1uCinH:emHY176fckZ_esLbC_7L7-zvPLAPl1HFKkE2DYJWV0I','2025-05-08 17:42:55.433677'),(_binary 'erp8bez2p8il2r9sv6rc003eo8g2wta9',_binary '.eJyNjjEOgzAMRe-SGUUOcQJl7N4zoCS2Cm0VWghDhbh7Q8vC1ulbfu9bXkRwYxLNIqw92S1fs4upT2_RqEI8xz5wnioEkFCInkTzM9ciZ43_NrK55krr5tS188Rj-wVKHHbehTvHDdDNxesgwxDT2Hu5KXKnk7wMxI_z7h4OdG7qchsYLFSVRstoWMMJkUsD4Eqn69qWqHQV0KDy5Dl4C0ikyBAiWAKTf_0AOwpUXA:1uI6q8:mTqbIwTZb69HskGAwjX17lyH9ULTX_Q2lVPAsJ757KM','2025-05-23 14:24:08.102199'),(_binary 'f4krpm17x005fd7vakp6j8w2vamwougy',_binary 'eyJjYXJ0Ijp7fX0:1u5iSv:QeCl3gY0jRMPRilxkgWf3wj_DfCnDy3W1155zYI28ZE','2025-04-19 09:56:57.827358'),(_binary 'g804ml7za9lisduc4fgznhy3pzi4vj1b',_binary 'eyJjYXJ0Ijp7fX0:1uEmHJ:8a4rzJm9uYEx7VT32fREWyXDfv0aiUbl3pfEgxs8uCg','2025-05-14 09:50:25.433613'),(_binary 'gcrkl6uy74at97qic7yoedqzww8ub980',_binary 'eyJjYXJ0Ijp7IjQzOTIiOnsicXVhbnRpdHkiOjEsInByaWNlIjoyNDAwMC4wLCJpZCI6IjQzOTIifX19:1uFud7:0OYKcaAe8ylrKAFymqQRSE3cPRbqqxwN9lBCHH_TRHo','2025-05-17 12:57:37.009273'),(_binary 'guu8e02t5emh3mbmug4qvc5n3x7kup51',_binary 'eyJjYXJ0Ijp7fX0:1uINMz:v8bgnCGjUJU1za6KzfIBsytEMBIWlgo6a6e9agR72TU','2025-05-24 08:03:09.426538'),(_binary 'h4is71cp6j762a5tx97uls5sc35canav',_binary 'eyJjYXJ0Ijp7fX0:1uCYwV:CsUz_GXj9QHCyUMdB31hSS7sa9do9h8qjh9stMTny98','2025-05-08 07:11:47.462179'),(_binary 'hlotgdn2hwe9uyrasc11kidn9q5vri3t',_binary 'eyJjYXJ0Ijp7fX0:1u4jSu:V6HbWDjvn7796Dotq-gl74yu9OyalKkSLqo7Z8dfMB4','2025-04-16 16:48:52.120805'),(_binary 'hoyw76spaahlq4zce2bs206stvqn0ja7',_binary 'eyJjYXJ0Ijp7fX0:1u8Hw9:WU_OgtqFqcMUV_JD5lH7v4s2MZCLxjtt0f-QQDI5Akw','2025-04-26 12:13:45.371910'),(_binary 'htlt7jx5x5l12qedg59rwe8rubu32d4u',_binary 'eyJjYXJ0Ijp7fX0:1uGXC2:3ohuPJPPHYS3K9sUdOhk84ZZwACGTgJiGhpfsJNOM9Y','2025-05-19 06:08:14.498403'),(_binary 'ioqj9ffqx4ce31zcuh6xw8gv38d0gf06',_binary '.eJx10MFuwyAMBuB38TlCBgyhOe6-Z4gAW0u2KVkTcpiqvvtIV23NoSck_99vIV8gx6VAdwFDJ72_5y1OZSzf0JkGvpYxC3SosIGRoftV1wboGdUB8Z_Tbh0Fe-T6jxt60DdYC4ZseFZ4_EpV18r7uJWh31ZZ-lug4TBLMX_ItAf8Hqe3WeV5KsuY1E7UPV3V68zy-XK3hwVDXIfaRkGPbWvJCzmxeCIS4xCjiTYEb0jbNpMjnThJTh6JWbNjIvSMrp7iB-0ea70:1uHKtH:DGQR17bnBlQqz7XzynclLnsa5fz36cLNzkLEJKKVu4Y','2025-05-21 11:12:11.896607'),(_binary 'iq7bonxcy7uairup294ontmnk9f9n2x4',_binary 'eyJjYXJ0Ijp7IjQiOnsicXVhbnRpdHkiOjEsInByaWNlIjoxODAwMC4wLCJpZCI6IjQifX19:1uBSq5:2dFieOGo97pZZ5tqNUdDX3iHdJ-n-QTS8Fs6x7M_G8Q','2025-05-05 06:28:37.979506'),(_binary 'j43pwx128lxeybt12zn8u0asw7xl4rx6',_binary '.eJxVjDEOgzAMRe_iuYoc4gTK2L1niJzYamgrkAhMiLu3SCys_733N8g8L9Bv-w0ir0uJa9U5DgI9WLhsifNHxwPIm8fXZPI0LvOQzKGYk1bznES_j9O9HBSu5V-jYsC2dRSUvDq8E2njEblh13WhIevaTJ5skqQ5BSQRK16IMAh6gv0H7Ow53g:1uICjB:htNLjhDyPNUEHwk26tJTbzcEm9jO-KbbRRc2ZEqNNu0','2025-05-23 20:41:21.537126'),(_binary 'j4an6ixt3yb589y71e14x649d44ifpop',_binary 'eyJjYXJ0Ijp7fX0:1uEnSw:u3s8N9LlScOjpQfIO9FhuGk6EXh9YjH6IAnq-M5IXBk','2025-05-14 11:06:30.232954'),(_binary 'jxnfd118gelils4wdk1ugxbh3aapre82',_binary 'eyJjYXJ0Ijp7fX0:1u9jPW:rHihMbudKvMEoYjnFIgee5ehWUiPc1IUSP0Qih7HOYc','2025-04-30 11:46:02.181483'),(_binary 'k50ukmmvca5i3y4v1uent2uu980nzsk3',_binary 'eyJjYXJ0Ijp7fX0:1uEnTF:MGfaxqHTWhEr8JW7YAxTlcwKyj4s1ahxokbRoG8i0L4','2025-05-14 11:06:49.879419'),(_binary 'lmf1y492wa2gup3rpz28eims3cfnrpv0',_binary 'eyJjYXJ0Ijp7fX0:1uI6xL:9pxv39cgj17cL__wqHuRADblBNWIGSMHD0wZFiJJOVU','2025-05-23 14:31:35.443951'),(_binary 'm22p4j2rlmud6srg98h0zoxispy216hq',_binary 'eyJjYXJ0Ijp7fX0:1u4jq4:5NvaHoyNL84_igTxZFg5YE9gAz5U0apeesp7rHv3D7w','2025-04-16 17:12:48.472517'),(_binary 'mba9k4v6hbg3d2safegpb8737fmig1u9',_binary '.eJxVjDEOgzAMRe_iuYoc4gTK2L1niJzYamgrkAhMiLu3SCys_733N8g8L9Bv-w0ir0uJa9U5DgI9WLhsifNHxwPIm8fXZPI0LvOQzKGYk1bznES_j9O9HBSu5V-jYsC2dRSUvDq8E2njEblh13WhIevaTJ5skqQ5BSQRK16IMAh6gv0H7Ow53g:1u5P2W:jUTe5yx8z1qbUWZniJSDXX2HLoeo50vcW6iKDex7Dw4','2025-04-18 13:12:24.999988'),(_binary 'ms6m8vlhhxn30o761rznqouaawbevzry',_binary 'eyJjYXJ0Ijp7fX0:1uEnIc:Cu42d4ndrsJBWmIAi4Hzhx-AUDT3B3l-otUKNz9ZbEg','2025-05-14 10:55:50.960031'),(_binary 'mz3i3gb9to98x3g4gy2t56pufifpfb2v',_binary 'eyJjYXJ0Ijp7fX0:1u9jMB:CPL_ZuiNnfUP-AdxNdIzYy5arnjlVWbjaaZqW6wrkJA','2025-04-30 11:42:35.255462'),(_binary 'n1ymavka8tn7lla2l4fcy07aaqamnpke',_binary '.eJxVjDEOgzAMRe_iuYoc4gTK2L1niJzYamgrkAhMiLu3SCys_733N8g8L9Bv-w0ir0uJa9U5DgI9WLhsifNHxwPIm8fXZPI0LvOQzKGYk1bznES_j9O9HBSu5V-jYsC2dRSUvDq8E2njEblh13WhIevaTJ5skqQ5BSQRK16IMAh6gv0H7Ow53g:1uIQu2:xpEnGALuYnBXRpXqg9HCOSd-N9byDYD4-NS7Xrxr1gQ','2025-05-24 11:49:30.162640'),(_binary 'n2kbkdhiqnlxtsbcmh0wmidj59wkcjuz',_binary '.eJxVjDEOgzAMRe_iuYoc4gTK2L1niJzYamgrkAhMiLu3SCys_733N8g8L9Bv-w0ir0uJa9U5DgI9WLhsifNHxwPIm8fXZPI0LvOQzKGYk1bznES_j9O9HBSu5V-jYsC2dRSUvDq8E2njEblh13WhIevaTJ5skqQ5BSQRK16IMAh6gv0H7Ow53g:1uKEnK:iM3g6CD7posKN87_Gh1aaQZ76zIG7LPQ4iee0RiIZAA','2025-05-29 11:18:02.148631'),(_binary 'nnug9d71s4jy31np8ego9eqiavpd98ou',_binary 'eyJjYXJ0Ijp7fX0:1uJSvH:N22wYdLZUs_YFwrp3aIHL904yLE8Yg0QQhJwE7H1xzI','2025-05-27 08:11:03.253114'),(_binary 'o1f6x0wxklb00efv6vvdm7i5hl6citse',_binary '.eJxVjDEOgzAMRe_iuYoc4gTK2L1niJzYamgrkAhMiLu3SCys_733N8g8L9Bv-w0ir0uJa9U5DgI9WLhsifNHxwPIm8fXZPI0LvOQzKGYk1bznES_j9O9HBSu5V-jYsC2dRSUvDq8E2njEblh13WhIevaTJ5skqQ5BSQRK16IMAh6gv0H7Ow53g:1uJelT:S3OC0PyZvCqNxzQxpox5Cs87O986KToKNjO4YxhGD0U','2025-05-27 20:49:43.769240'),(_binary 'ocxnjmb7dxqxeafm7rfhmfohdr2axg2k',_binary 'eyJjYXJ0Ijp7fX0:1uI6ao:WhoZmSNXFgHccQw6zmQFPfMo-cQVMCjTW9QuMyNJ7TY','2025-05-23 14:08:18.936271'),(_binary 'pfn4d1mi2xeagjx3j84tfloo7dsbm52l',_binary 'eyJjYXJ0Ijp7fX0:1uCefX:1adaPsoa0k76IHFVrBLVqUcQnH_B1kzQ4PfzNZTGZII','2025-05-08 13:18:39.488395'),(_binary 'qh9pa8jfz92rlxfoz589kz1rgsiqz9k3',_binary 'eyJjYXJ0Ijp7fX0:1uFZSt:q5BK2wUqhj10PgXPztBfN5GyN0AH3nt5Wp0uHBtuYWM','2025-05-16 14:21:39.778262'),(_binary 'ricue31m7dxt94grrfdcmyubvh3n4dq4',_binary 'eyJjYXJ0Ijp7IjQiOnsicXVhbnRpdHkiOjEsInByaWNlIjoxODAwMC4wLCJpZCI6IjQifX19:1uFEn7:tPi2eLPUfajPY1T9fTq6nYIlShxPHWYvbctr55tEIXs','2025-05-15 16:17:09.979543'),(_binary 's452gxifc8aj0388k2z0sgo6w66enrm5',_binary 'eyJjYXJ0Ijp7fX0:1u9jPq:caxtsvga-MqQBdAbdkoWdf-vcQcm9mBA5VjISVVM1Xs','2025-04-30 11:46:22.601409'),(_binary 'swtez96izll7ujg52p3f8zddxnqwcx78',_binary 'eyJjYXJ0Ijp7fX0:1uJehQ:-yTFG2qWNwhxYTXiswS6Bijp7BcKSX8NzOQd1-aOkQ0','2025-05-27 20:45:32.555777'),(_binary 'tgmsmecxiie030ykk27k67ddk2f6t76l',_binary '.eJxVjDEOgzAMRe_iuYoc4gTK2L1niJzYamgrkAhMiLu3SCys_733N8g8L9Bv-w0ir0uJa9U5DgI9WLhsifNHxwPIm8fXZPI0LvOQzKGYk1bznES_j9O9HBSu5V-jYsC2dRSUvDq8E2njEblh13WhIevaTJ5skqQ5BSQRK16IMAh6gv0H7Ow53g:1u4kdi:vaCQRmqF7h9HmL8we2tA9NA9bld3YSSe0G592lKgvzo','2025-04-16 18:04:06.622146'),(_binary 'ty5tu3f79f329788qn15pbfvx0y9t3n4',_binary '.eJxVjLEOgzAQQ__lZhRdyCVQxu79BpTkTiVtBS2EoUL8e0FlYbEs-9kLRD9maBbQl10_s-9zyl9oTAHvMUXZnENEhQUkhmbn1rWA1s-5a-dJxvYfwykLPj6l3wt--P4-qDj0eUxB7Yg62kndBpbX9WBPB52fum2Ngg6rypATsmLwQiSlRfSlN3XtStKmimRJBw4Sg0Ni1myZCB2jJVh_5RxGJw:1u5Se2:2uIo8XrmV_R26FkoWpwZEhmleQw43_GkeFDLXPuytEc','2025-04-18 17:03:22.008868'),(_binary 'v4gyt8pg411pnri1nconpa7dh8twcd5b',_binary 'eyJjYXJ0Ijp7fX0:1u5s25:8QzPVA-SGocQuulZrIvws4MlXdm9a8wDLbb5Mq7bCd4','2025-04-19 20:09:53.267988'),(_binary 'v6rc4bofxndr77mrw6d24en6j5qsjc22',_binary 'eyJjYXJ0Ijp7fX0:1uENbm:gz8xM-JWFmnbJJQgs8hrfj5WRpXppPxqejQ4AsvqH4Q','2025-05-13 07:29:54.625841'),(_binary 'vcmz3pagl5b4o0eh4cohdjf2d8cmpomi',_binary 'eyJjYXJ0Ijp7fX0:1uJXKF:rgcciOmqHGkVIOysuiDSgkBEUWNOYQBYfbe8Wjxrcw0','2025-05-27 12:53:07.325842'),(_binary 'vq5vicgayr6ov34xtrwkynx6r1hj5i2q',_binary 'eyJjYXJ0Ijp7fX0:1uBSr2:2cG0stm1GPPJx5ghLlqQcD2hnMSNmrz5d1xw4_eo9e8','2025-05-05 06:29:36.410868'),(_binary 'vupay9at058ou2zldw9psagpktt1ymsk',_binary 'eyJjYXJ0Ijp7fX0:1uHN8T:9v5wjf_rsuqRJw4yi50y-OGsAYOumSSKNqsZwGkNkYg','2025-05-21 13:36:01.808111'),(_binary 'wja1nqhesh99ovzy3h6gq85flzdopil1',_binary '.eJyN0MtqwzAQBdB_0dqYkTR62Mvu-w1GL2q3xW79WJSQf6_GCXEcMHglkM4drubCghtnVl-YqrSm83dx_dzNf6zmBfsZu5BYDSUUrIusvqlrwZQy1QlNirRQ_IQmlbXk6rAJWtgCK8wB3Gv50DzrjSNZbvZYPLDUzzg70vaoyIu2pI05bLJRQtkKebIIQfJYnVjhqrLW2uKR5gafxq9yTVQvS8fDRJbXHGncMrfNMqWxuS2B7e68C1-pp4f46fqPoQxDP4-dL4mU99epfB9i-n67292A1k1tTkMCDcZI1AlVklAhJqEAnHDSWi2QSxNQIffRp-A1YIw8qogIOoLKv_sHgG3RRw:1uFurx:eaYknjQt3qCJ2P4wKjYKblWkEMSSGn2t-qCgOIdHcDg','2025-05-17 13:12:57.986809'),(_binary 'wkahajudyt9yjotae62fvw9l30wkyu4o',_binary 'eyJjYXJ0Ijp7fX0:1uJUlC:pUcXfeFS3yFEH9-h5J07vZ30ig3hhCUMqiHIS11JdxE','2025-05-27 10:08:46.302535'),(_binary 'wu1yag9bztkevsjj7ayzqybkem7odvuz',_binary 'eyJjYXJ0Ijp7fX0:1uCI8l:16x6gcju4AGV131WIYf9T555AgvjqRpDjIJY9PQ4JQY','2025-05-07 13:15:19.635430'),(_binary 'xisbk76bo6b0lkzow5vxo53xr6jpuu6w',_binary 'eyJjYXJ0Ijp7fX0:1uFnQE:eNjcNrRjP1jjTf8OAzvHfplzKBYN9RnHia2eLi_RV1M','2025-05-17 05:15:50.185798'),(_binary 'xkspu2r6l4fxymcmr94fvj0jyrg6qkrn',_binary 'eyJjYXJ0Ijp7fX0:1uA0Pt:YfnLeezANUJL1hBgRS5vl8qt9kabh4cl7-E69BR3pvk','2025-05-01 05:55:33.981462'),(_binary 'y25zvz9vl2q59crbbdcguuw7yqqnrodp',_binary '.eJxVjDEOgzAMRe_iuYoc4gTK2L1niJzYamgrkAhMiLu3SCys_733N8g8L9Bv-w0ir0uJa9U5DgI9WLhsifNHxwPIm8fXZPI0LvOQzKGYk1bznES_j9O9HBSu5V-jYsC2dRSUvDq8E2njEblh13WhIevaTJ5skqQ5BSQRK16IMAh6gv0H7Ow53g:1u4g3X:ION-NYmMe6j2xYW4Zc2y3b8qOb_2qr1XUwS1-kz-l-4','2025-04-16 13:10:27.665061'),(_binary 'ykyxq9f0f0dag08zoy97g1497kudz4as',_binary 'eyJjYXJ0Ijp7fX0:1u5cw1:5ModrAFWF-nbHScIbxfGNVwM7ucSjEL8lJp4Il5AVXM','2025-04-19 04:02:37.499262'),(_binary 'z5hhwkuiwvk83buw3ez9asluskw63oih',_binary 'eyJjYXJ0Ijp7fX0:1u5gZj:su7yKKcUiFEGSNoN7f-ObjSPpyJrVpZAi7XxHUxWdQ0','2025-04-19 07:55:51.109479'),(_binary 'z6os8b2f1f7kvi6n6jqxht7w1tvyklab',_binary 'eyJjYXJ0Ijp7fX0:1uI6cX:rIuFkmTPX9C6oAkvAS_iguLaSPWUcD1VDzv0g_iauas','2025-05-23 14:10:05.629444');
/*!40000 ALTER TABLE `django_session` ENABLE KEYS */;
UNLOCK TABLES;
DROP TABLE IF EXISTS `django_summernote_attachment`;
/*!40101 SET @saved_cs_client     = @@character_set_client */;
/*!40101 SET character_set_client = utf8 */;
CREATE TABLE `django_summernote_attachment` (
  `id` bigint NOT NULL AUTO_INCREMENT,
  `name` varchar(255) DEFAULT NULL,
  `file` varchar(100) NOT NULL,
  `uploaded` datetime(6) NOT NULL,
  PRIMARY KEY (`id`)
) ENGINE=InnoDB DEFAULT CHARSET=utf8mb4 COLLATE=utf8mb4_0900_ai_ci;
/*!40101 SET character_set_client = @saved_cs_client */;

LOCK TABLES `django_summernote_attachment` WRITE;
/*!40000 ALTER TABLE `django_summernote_attachment` DISABLE KEYS */;
/*!40000 ALTER TABLE `django_summernote_attachment` ENABLE KEYS */;
UNLOCK TABLES;
DROP TABLE IF EXISTS `order_order`;
/*!40101 SET @saved_cs_client     = @@character_set_client */;
/*!40101 SET character_set_client = utf8 */;
CREATE TABLE `order_order` (
  `id` bigint NOT NULL AUTO_INCREMENT,
  `name` varchar(255) NOT NULL,
  `email` varchar(254) NOT NULL,
  `phone` varchar(128) NOT NULL,
  `address` longtext NOT NULL,
  `created_at` datetime(6) NOT NULL,
  PRIMARY KEY (`id`)
) ENGINE=InnoDB AUTO_INCREMENT=5 DEFAULT CHARSET=utf8mb4 COLLATE=utf8mb4_0900_ai_ci;
/*!40101 SET character_set_client = @saved_cs_client */;

LOCK TABLES `order_order` WRITE;
/*!40000 ALTER TABLE `order_order` DISABLE KEYS */;
INSERT INTO `order_order` VALUES (1,_binary '321',_binary '231@1231.ru','','','2025-04-29 08:13:28.608119'),(2,_binary '121',_binary '1231@12312.ru','','','2025-04-29 09:01:38.207318'),(3,_binary '1231',_binary '12312@12312.ru','','','2025-04-29 09:53:15.845514'),(4,_binary '12123',_binary '12312@1231.ru','','','2025-04-29 11:50:08.036619');
/*!40000 ALTER TABLE `order_order` ENABLE KEYS */;
UNLOCK TABLES;
DROP TABLE IF EXISTS `order_orderitem`;
/*!40101 SET @saved_cs_client     = @@character_set_client */;
/*!40101 SET character_set_client = utf8 */;
CREATE TABLE `order_orderitem` (
  `id` bigint NOT NULL AUTO_INCREMENT,
  `price` double NOT NULL,
  `quantity` smallint unsigned NOT NULL,
  `order_id` bigint NOT NULL,
  `product_id` bigint NOT NULL,
  PRIMARY KEY (`id`),
  KEY `order_orderitem_order_id_aba34f44_fk_order_order_id` (`order_id`),
  KEY `order_orderitem_product_id_c5c6b07a_fk_store_product_id` (`product_id`),
  CONSTRAINT `order_orderitem_order_id_aba34f44_fk_order_order_id` FOREIGN KEY (`order_id`) REFERENCES `order_order` (`id`),
  CONSTRAINT `order_orderitem_product_id_c5c6b07a_fk_store_product_id` FOREIGN KEY (`product_id`) REFERENCES `store_product` (`id`),
  CONSTRAINT `order_orderitem_chk_1` CHECK ((`quantity` >= 0))
) ENGINE=InnoDB AUTO_INCREMENT=6 DEFAULT CHARSET=utf8mb4 COLLATE=utf8mb4_0900_ai_ci;
/*!40101 SET character_set_client = @saved_cs_client */;

LOCK TABLES `order_orderitem` WRITE;
/*!40000 ALTER TABLE `order_orderitem` DISABLE KEYS */;
INSERT INTO `order_orderitem` VALUES (1,0,3,1,5966),(2,21000,1,1,6614),(3,17400,1,2,6684),(4,3000,1,3,4163),(5,17400,1,4,6696);
/*!40000 ALTER TABLE `order_orderitem` ENABLE KEYS */;
UNLOCK TABLES;
DROP TABLE IF EXISTS `store_brand`;
/*!40101 SET @saved_cs_client     = @@character_set_client */;
/*!40101 SET character_set_client = utf8 */;
CREATE TABLE `store_brand` (
  `id` bigint NOT NULL AUTO_INCREMENT,
  `title` varchar(255) NOT NULL,
  `slug` varchar(255) NOT NULL,
  `description` longtext,
  `image` varchar(100) DEFAULT NULL,
  `thumbnail` varchar(100) DEFAULT NULL,
  PRIMARY KEY (`id`),
  KEY `store_brand_slug_e7d6f6cc` (`slug`)
) ENGINE=InnoDB AUTO_INCREMENT=14 DEFAULT CHARSET=utf8mb4 COLLATE=utf8mb4_0900_ai_ci;
/*!40101 SET character_set_client = @saved_cs_client */;

LOCK TABLES `store_brand` WRITE;
/*!40000 ALTER TABLE `store_brand` DISABLE KEYS */;
INSERT INTO `store_brand` VALUES (1,_binary 'Катран-Пневмо',_binary 'katran-pnevmo',_binary 'Акционерное общество «Катран-Пневмо» основано в 1990 году для оснащения судостроительной промышленности качественным ручным пневмоинструментом. 22 декабря 2014 года произошла реорганизация компании в форме ее преобразования в ООО «Катран-Пневмо».\r\n\r\nЗа более чем 20 лет работы нашими специалистами разработаны и запущены в производство более трех десятков единиц продукции: от пневматических станков для шлифовки клапанов арматуры трубопроводов и фаскоснимателей для труб диаметром 600-800 мм до пневмомашин для обработки гребных винтов и пресс-форм. Заказчиками разработок выступали атомные электростанции, предприятия судостроительной и автомобильной промышленности.',_binary 'uploads/brands/uploads/brands/katranpnevmo.jpg',_binary 'uploads/brands/uploads/brands/katranpnevmo_nXiP4LJ.jpg'),(2,_binary 'Daewoo',_binary 'daewoo','',_binary 'uploads/brands/daewoo.jpg',_binary 'uploads/brands/daewoo_aGA5cfH.jpg'),(3,_binary 'JSD Tools',_binary 'jsd-tools','',_binary 'uploads/brands/jsdtools.jpg',_binary 'uploads/brands/jsdtools_VEveMo6.jpg'),(4,_binary 'Китай',_binary 'kitaj','',_binary 'uploads/brands/china.jpg',_binary 'uploads/brands/china_vXXwozf.jpg'),(5,_binary 'Nanfang',_binary 'nanfang','',_binary 'uploads/brands/static/images/blank_prodimg_zTZqezw.jpg',_binary 'uploads/brands/static/images/blank_prodimg_EaReKvx.jpg'),(6,_binary 'U-Tools',_binary 'u-tools','',_binary 'uploads/brands/utools.jpg',_binary 'uploads/brands/utools_JQSFbIh.jpg'),(7,_binary 'СудоРПМ',_binary 'sudorpm','',_binary 'uploads/brands/sudorpm.jpg',_binary 'uploads/brands/sudorpm_LPQEM2q.jpg'),(8,_binary 'Россия',_binary 'rossiya','',_binary 'uploads/brands/russia.jpg',_binary 'uploads/brands/russia_l0gThlX.jpg'),(9,_binary 'ТЭМЗ',_binary 'temz','',_binary 'uploads/brands/temz_OBNnfpe.jpg',_binary 'uploads/brands/temz_0bg2QXp.jpg'),(10,_binary 'ТЗК',_binary 'tzk',_binary 'ООО «Томский завод Кузнецова» (ТЗК) – лидер в России по изготовлению пневматического оборудования  и станков для строительных, горнодобывающих и производственных предприятий. ТЗК изготавливает полный комплекс инструментов. Это оборудование для обработки металлов, сварочных работ, литейного производства, кузнечно-прессовых и термических процессов, шлифовальные станки.\r\nКомпания также изготавливает пневматический и ударно-режущий инструмент для работы с горными породами, углем, глиной, льдом, металлами, асфальтом и бетонными конструкциями. Это отбойные молотки, бетоноломы, зубило и многое другое.\r\nКомпания ТЗК отличается лояльными ценами, высоким качеством, надежностью и долговечностью предлагаемого товара.',_binary 'uploads/brands/uploads/brands/tzk.jpg',_binary 'uploads/brands/uploads/brands/tzk_HhU8EzT.jpg'),(11,_binary 'МЗПИ',_binary 'mzpi','',_binary 'uploads/brands/uploads/brands/static/images/blank_prodimg_WXJXZcQ.jpg',_binary 'uploads/brands/uploads/brands/static/images/blank_prodimg_WXJXZcQ_6dstcFH.jpg'),(12,_binary 'Hymair',_binary 'hymair','',_binary 'uploads/brands/hymair.jpg',_binary 'uploads/brands/hymair_C0oFRXY.jpg'),(13,_binary 'КМЗ',_binary 'kmz','',_binary 'uploads/brands/uploads/brands/static/images/blank_prodimg_VhwMqQc.jpg',_binary 'uploads/brands/uploads/brands/static/images/blank_prodimg_VhwMqQc_7Mccy4x.jpg');
/*!40000 ALTER TABLE `store_brand` ENABLE KEYS */;
UNLOCK TABLES;
DROP TABLE IF EXISTS `store_category`;
/*!40101 SET @saved_cs_client     = @@character_set_client */;
/*!40101 SET character_set_client = utf8 */;
CREATE TABLE `store_category` (
  `id` bigint NOT NULL AUTO_INCREMENT,
  `title` varchar(255) NOT NULL,
  `slug` varchar(255) NOT NULL,
  `ordering` smallint unsigned NOT NULL,
  `main_category_id` bigint DEFAULT NULL,
  `is_features` tinyint(1) NOT NULL,
  `description` longtext,
  PRIMARY KEY (`id`),
  KEY `store_category_slug_2d349264` (`slug`),
  KEY `store_category_main_category_id_7fc0593b_fk_store_mai` (`main_category_id`),
  CONSTRAINT `store_category_main_category_id_7fc0593b_fk_store_mai` FOREIGN KEY (`main_category_id`) REFERENCES `store_maincategory` (`id`),
  CONSTRAINT `store_category_ordering_eaf68395_check` CHECK ((`ordering` >= 0))
) ENGINE=InnoDB AUTO_INCREMENT=34 DEFAULT CHARSET=utf8mb4 COLLATE=utf8mb4_0900_ai_ci;
/*!40101 SET character_set_client = @saved_cs_client */;

LOCK TABLES `store_category` WRITE;
/*!40000 ALTER TABLE `store_category` DISABLE KEYS */;
INSERT INTO `store_category` VALUES (1,_binary 'Винтоверты (пневмоотвертки)',_binary 'vintoverty-pnevmootvertki',0,1,0,_binary 'Винтоверты (пневмоотвертки)'),(2,_binary 'Гайковерты',_binary 'gaikoverty',3,1,1,_binary 'Гайковерты'),(3,_binary 'Краскораспылители',_binary 'kraskoraspyliteli',0,1,1,_binary 'Краскораспылители'),(4,_binary 'Молотки клепальные',_binary 'molotki-klepalnye',5,1,0,_binary 'Молотки клепальные'),(5,_binary 'Молотки отбойные и бетоноломы',_binary 'molotki-otboinye-i-betonolomy',5,1,1,_binary 'Молотки отбойные и бетоноломы'),(6,_binary 'Молотки рубильные и пневмозубила',_binary 'molotki-rubilnye-i-pnevmozubila',5,1,1,_binary 'Молотки рубильные и пневмозубила'),(7,_binary 'Перфораторы',_binary 'perforatory',0,1,0,_binary 'Перфораторы'),(8,_binary 'Пилы',_binary 'pily',0,1,0,_binary 'Пилы'),(9,_binary 'Резьбонарезные машины',_binary 'rezbonareznye-mashiny',0,1,0,_binary 'Резьбонарезные машины'),(10,_binary 'Сверлильные машины (пневмодрели)',_binary 'sverlilnye-mashiny-pnevmodreli',0,1,1,_binary 'Сверлильные машины (пневмодрели)'),(11,_binary 'Трамбовки',_binary 'trambovki',0,1,1,_binary 'Трамбовки'),(12,_binary 'Шлифмашины орбитальные',_binary 'shlifmashiny-orbitalnye',0,1,1,_binary 'Шлифмашины орбитальные'),(13,_binary 'Шлифмашины радиальные (прямые)',_binary 'shlifmashiny-radialnye-priamye',2,1,1,_binary 'Шлифмашины радиальные (прямые)'),(14,_binary 'Шлифмашины торцевые (вертикальные)',_binary 'shlifmashiny-tortsevye-vertikalnye',2,1,1,_binary 'Шлифмашины торцевые (вертикальные)'),(15,_binary 'Шлифмашины угловые (пневмоболгарки)',_binary 'shlifmashiny-uglovye-pnevmobolgarki',2,1,1,_binary 'Шлифмашины угловые (пневмоболгарки)'),(16,_binary 'Шлифмашины цанговые',_binary 'shlifmashiny-tsangovye',0,1,1,_binary 'Шлифмашины цанговые'),(17,_binary 'Пневмовибраторы',_binary 'pnevmovibratory',0,2,0,_binary 'Пневмовибраторы'),(18,_binary 'Пневмоприводы и пневмомоторы',_binary 'pnevmoprivody-i-pnevmomotory',0,2,0,_binary 'Пневмоприводы и пневмомоторы'),(19,_binary 'Редукторы',_binary 'reduktory',0,2,0,_binary 'Редукторы'),(20,_binary 'Головки для пневмогайковертов',_binary 'golovki-dlia-pnevmogaikovertov',3,3,0,_binary 'Головки для пневмогайковертов'),(21,_binary 'Зубила для рубильных пневмомолотков',_binary 'zubila-dlia-rubilnykh-pnevmomolotkov',4,3,1,_binary 'Зубила для рубильных пневмомолотков'),(22,_binary 'Пики для отбойных пневмомолотков',_binary 'piki-dlia-otboinykh-pnevmomolotkov',4,3,1,_binary 'Пики для отбойных пневмомолотков'),(23,_binary 'Подготовка воздуха',_binary 'podgotovka-vozdukha',0,5,0,_binary 'Подготовка воздуха'),(24,_binary 'Рукава воздушные (пневмошланги)',_binary 'rukava-vozdushnye-pnevmoshlangi',0,5,0,_binary 'Рукава воздушные (пневмошланги)'),(25,_binary 'Соединительные элементы',_binary 'soedinitelnye-elementy',0,5,0,_binary 'Соединительные элементы'),(26,_binary 'Запчасти для отбойных пневмомолотков',_binary 'zapchasti-dlia-otboinykh-pnevmomolotkov',4,4,0,_binary 'Запчасти для отбойных пневмомолотков'),(27,_binary 'Запчасти для рубильных пневмомолотков',_binary 'zapchasti-dlia-rubilnykh-pnevmomolotkov',4,4,0,_binary 'Запчасти для рубильных пневмомолотков'),(28,_binary 'Запчасти для пневмогайковертов',_binary 'zapchasti-dlia-pnevmogaikovertov',4,4,0,_binary 'Запчасти для пневмогайковертов'),(29,_binary 'Запчасти для пневмотрамбовок',_binary 'zapchasti-dlia-pnevmotrambovok',4,4,0,_binary 'Запчасти для пневмотрамбовок'),(30,_binary 'Запчасти для пневмоболгарок (УШМ)',_binary 'zapchasti-dlia-pnevmobolgarok-ushm',0,4,0,_binary 'Запчасти для пневмоболгарок (УШМ)'),(31,_binary 'Запчасти для пневмошлифмашин (ПШМ)',_binary 'zapchasti-dlia-pnevmoshlifmashin-pshm',0,4,0,_binary 'Запчасти для пневмошлифмашин (ПШМ)'),(32,_binary 'Лопатки для пневмошлифмашин',_binary 'lopatki-dlia-pnevmoshlifmashin',1,4,1,_binary 'Лопатки для пневмошлифмашин'),(33,_binary 'Лопатки для пневмогайковертов',_binary 'lopatki-dlia-pnevmogaikovertov',1,4,1,_binary 'Лопатки для пневмогайковертов');
/*!40000 ALTER TABLE `store_category` ENABLE KEYS */;
UNLOCK TABLES;
DROP TABLE IF EXISTS `store_maincategory`;
/*!40101 SET @saved_cs_client     = @@character_set_client */;
/*!40101 SET character_set_client = utf8 */;
CREATE TABLE `store_maincategory` (
  `id` bigint NOT NULL AUTO_INCREMENT,
  `title` varchar(255) NOT NULL,
  `slug` varchar(255) NOT NULL,
  `ordering` int unsigned NOT NULL,
  PRIMARY KEY (`id`),
  KEY `store_maincategory_slug_3628f8a8` (`slug`),
  CONSTRAINT `store_maincategory_chk_1` CHECK ((`ordering` >= 0))
) ENGINE=InnoDB AUTO_INCREMENT=6 DEFAULT CHARSET=utf8mb4 COLLATE=utf8mb4_0900_ai_ci;
/*!40101 SET character_set_client = @saved_cs_client */;

LOCK TABLES `store_maincategory` WRITE;
/*!40000 ALTER TABLE `store_maincategory` DISABLE KEYS */;
INSERT INTO `store_maincategory` VALUES (1,_binary 'Пневматический инструмент',_binary 'pnevmaticheskij-instrument',1),(2,_binary 'Пневматическое оборудование',_binary 'pnevmaticheskoe-oborudovanie',2),(3,_binary 'Инструментальные принадлежности',_binary 'instrumentalnye-prinadlezhnosti',3),(4,_binary 'Запчасти',_binary 'zapchasti',5),(5,_binary 'Аксессуары',_binary 'aksessuary',6);
/*!40000 ALTER TABLE `store_maincategory` ENABLE KEYS */;
UNLOCK TABLES;
DROP TABLE IF EXISTS `store_product`;
/*!40101 SET @saved_cs_client     = @@character_set_client */;
/*!40101 SET character_set_client = utf8 */;
CREATE TABLE `store_product` (
  `id` bigint NOT NULL AUTO_INCREMENT,
  `title` varchar(255) NOT NULL,
  `slug` varchar(255) NOT NULL,
  `description` longtext,
  `price` double NOT NULL,
  `category_id` bigint NOT NULL,
  `created_at` datetime(6) NOT NULL,
  `is_features` tinyint(1) NOT NULL,
  `sku` smallint unsigned NOT NULL,
  `image` varchar(100) DEFAULT NULL,
  `thumbnail` varchar(100) DEFAULT NULL,
  `brand_id` bigint DEFAULT NULL,
  `article` varchar(255) DEFAULT NULL,
  `is_bestseller` tinyint(1) NOT NULL,
  `is_sale` tinyint(1) NOT NULL,
  `is_visible` tinyint(1) NOT NULL,
  `analog_id` bigint DEFAULT NULL,
  PRIMARY KEY (`id`),
  UNIQUE KEY `store_product_sku_842ee8ec_uniq` (`sku`),
  UNIQUE KEY `analog_id` (`analog_id`),
  KEY `store_product_category_id_574bae65_fk_store_category_id` (`category_id`),
  KEY `store_product_slug_6de8ee4b` (`slug`),
  KEY `store_product_brand_id_ec9e66ab_fk_store_brand_id` (`brand_id`),
  CONSTRAINT `store_product_analog_id_46df639e_fk_store_product_id` FOREIGN KEY (`analog_id`) REFERENCES `store_product` (`id`),
  CONSTRAINT `store_product_brand_id_ec9e66ab_fk_store_brand_id` FOREIGN KEY (`brand_id`) REFERENCES `store_brand` (`id`),
  CONSTRAINT `store_product_category_id_574bae65_fk_store_category_id` FOREIGN KEY (`category_id`) REFERENCES `store_category` (`id`),
  CONSTRAINT `store_product_chk_1` CHECK ((`sku` >= 0))
) ENGINE=InnoDB AUTO_INCREMENT=6762 DEFAULT CHARSET=utf8mb4 COLLATE=utf8mb4_0900_ai_ci;
/*!40101 SET character_set_client = @saved_cs_client */;

LOCK TABLES `store_product` WRITE;
/*!40000 ALTER TABLE `store_product` DISABLE KEYS */;
INSERT INTO `store_product` VALUES (1,_binary 'Пневмошлифмашина МПС-2215М (Катран-Пневмо)',_binary 'pnevmoshlifmashina-mps-2215m-katran-pnevmo',_binary 'Торцевая пневматическая шлифовальная машина МПС-2215М производства ООО \"Катран-Пневмо\" мощностью 2,0 кВт позволяет максимально быстро выполнить любые работы по металу. Патент № 19873.',29400,14,'2025-04-15 08:45:09.262012',1,1,_binary 'uploads/products/mps6500_2zwqu06.jpg',_binary 'uploads/products/thumb/uploads/products/mps6500_2zwqu06_IJoekF8.jpg',1,NULL,1,0,1,NULL),(4,_binary 'Пневмошлифмашина МП-006 (Катран-Пневмо)',_binary 'pnevmoshlifmashina-mp-006-katran-pnevmo',_binary 'Пневматическая шлифовальная машина МП-006 производства ООО \"Катран-Пневмо\" предназначена для обработки штампов и пресс-форм, шлифования и зачистки поверхностей и других аналогичных работ. Гарантийное и сервисное обслуживание, запчасти. Патент № 19875.',18000,16,'2025-04-15 08:45:29.989939',1,4,_binary 'uploads/products/mp006_kdYXxsd.jpg',_binary 'uploads/products/thumb/uploads/products/mp006_kdYXxsd_eIRlLxe.jpg',1,NULL,1,0,1,NULL),(15,_binary 'Пневмопривод ППФ-420',_binary 'pnevmoprivod-ppf-420',_binary 'Машина предназначена для использования в качестве привода механизмов различного специального производственно-технического назначения. Высокая надежность, гарантия. Шпиндель - внутренний конус Морзе 2.',0,18,'2025-04-15 08:45:10.473809',0,15,_binary 'uploads/products/ppf420_u9VAJlI.jpg',_binary 'uploads/products/thumb/uploads/products/ppf420_u9VAJlI.jpg',1,NULL,0,0,1,NULL),(17,_binary 'Пневмомолоток рубильный РМ-8А (Катран-Пневмо)',_binary 'pnevmomolotok-rubilnyi-rm-8a-katran-pnevmo',_binary 'Молоток рубильный пневматический РМ8А предназначен для обрубки на отливках остатков прибылей и заливов, удаления пригара и стержней, вырубки дефектов, подготовки отливок под заварку и других аналогичных работ. Гарантийное и сервисное обслуживание.\r\nПатент №122602.',36000,6,'2025-04-15 08:45:11.088744',0,17,_binary 'uploads/products/rm8_CIqve9k.jpg',_binary 'uploads/products/thumb/uploads/products/rm8_CIqve9k_5apYAj6.jpg',1,NULL,1,0,1,NULL),(18,_binary 'Пневмомолоток рубильный РМ-12А (Катран-Пневмо)',_binary 'pnevmomolotok-rubilnyi-rm-12a-katran-pnevmo',_binary 'Молоток рубильный пневматический РМ-12А предназначен для обрубки на отливках остатков прибылей и заливов, удаления пригара и стержней, вырубки дефектов, подготовки отливок под заварку и других аналогичных работ. Гарантийное и сервисное обслуживание.\r\nПатент № 122602.',36000,6,'2025-04-15 08:45:11.732393',0,18,_binary 'uploads/products/rm12_kmwxcgd.jpg',_binary 'uploads/products/thumb/uploads/products/rm12_kmwxcgd_xmoBq7j.jpg',1,NULL,1,0,1,NULL),(19,_binary 'Пневмомолоток рубильный РМ-16А (Катран-Пневмо)',_binary 'pnevmomolotok-rubilnyi-rm-16a-katran-pnevmo',_binary 'Молоток рубильный пневматический РМ-16А предназначен для обрубки на отливках остатков прибылей и заливов, удаления пригара и стержней, вырубки дефектов, подготовки отливок под заварку и других аналогичных работ. Гарантийное и сервисное обслуживание.\r\nПатент №122602.',36000,6,'2025-04-15 08:45:12.128231',0,19,_binary 'uploads/products/rm16_wJgpxkG.jpg',_binary 'uploads/products/thumb/uploads/products/rm16_wJgpxkG_SugYtJX.jpg',1,NULL,1,0,1,NULL),(31,_binary 'Пневмотрамбовка ТП-28А (Катран-Пневмо)',_binary 'pnevmotrambovka-tp-28a-katran-pnevmo',_binary 'Трамбовка пневматическая (пневмотрамбовка) виброзащищенная ТП-28А предназначена для работ по послойному уплотнению формовочной смеси в литейном производстве с толщиной единичного слоя до 300 мм, для уплотнения грунта в строительстве, дорожном строительстве, где невозможно применение громоздких трамбующих и укатывающих машин. Трамбовка ТП-28А является более надежным аналогом трамбовок ИП-4503 и ТПВ-8Б. Снабжена виброзащитой. Гарантийный и текущий ремонт. Поставка запчастей. Патент № 123354.',45000,11,'2025-04-15 08:45:16.871009',1,31,_binary 'uploads/products/tp28a_ie0gwUW.jpg',_binary 'uploads/products/thumb/uploads/products/tp28a_ie0gwUW_s3diL5q.jpg',1,NULL,0,0,1,NULL),(53,_binary 'Пневмосверлильная машина ИП-1026',_binary 'pnevmosverlilnaia-mashina-ip-1026',_binary 'ИП1026',0,10,'2025-04-15 08:32:21.707738',0,53,_binary 'uploads/products/ip1026_ihbhry7.jpg',_binary 'uploads/products/thumb/uploads/products/ip1026_ihbhry7.jpg',NULL,NULL,0,0,1,NULL),(54,_binary 'Пневмосверлильная машина ИП-1027',_binary 'pnevmosverlilnaia-mashina-ip-1027',_binary 'ИП1027',0,10,'2025-04-15 08:32:22.415570',0,54,_binary 'uploads/products/ip1027_oR8oWFn.jpg',_binary 'uploads/products/thumb/uploads/products/ip1027_oR8oWFn_TlWYe9b.jpg',3,NULL,0,0,1,NULL),(56,_binary 'Пневмоперфоратор ПП-63В2',_binary 'pnevmoperforator-pp-63v2',_binary 'Перфоратор ПП63 предназначен для бурения шпуров в бетоне, граните, горных породах. Различают седующие модификации:\nВ - пылеподавление водой\nБ - боковая промывка\nС - продувка',58200,7,'2025-04-15 09:00:33.357291',0,56,_binary 'uploads/products/pp36_gM1m5Uk.jpg',_binary 'uploads/products/thumb/uploads/products/pp36_gM1m5Uk.jpg',8,NULL,0,0,1,NULL),(58,_binary 'Пневмоперфоратор ПП-36В2',_binary 'pnevmoperforator-pp-36v2',_binary 'Перфоратор ПП36 предназначен для бурения шпуров в бетоне, граните, горных породах. Различают седующие модификации:\nВ - пылеподавление водой\nБ - боковая промывка\nС - продувка',58200,7,'2025-04-15 09:00:36.326763',0,58,_binary 'uploads/products/pp36_HaPJzk2.jpg',_binary 'uploads/products/thumb/uploads/products/pp36_HaPJzk2.jpg',8,NULL,0,0,1,NULL),(154,_binary 'Пика П-11 (ТЗК)',_binary 'pika-p-11-tzk',_binary 'Форма инструмента - пика.',318,22,'2025-04-15 08:59:50.451819',0,154,_binary 'uploads/products/p11tzk_gC4PmPW.jpg',_binary 'uploads/products/thumb/uploads/products/p11tzk_gC4PmPW.jpg',10,NULL,0,0,1,NULL),(237,_binary 'Пневмотрамбовка ТПВ-3А (Катран-Пневмо)',_binary 'pnevmotrambovka-tpv-3a-katran-pnevmo',_binary 'Трамбовка пневматическая (пневмотрамбовка) виброзащищенная ТПВ-3А предназначена для работ по послойному уплотнению формовочной смеси в литейном производстве. Верстачная пневмотрамбовка ТПВ-3А имеет компактные размеры и небольшой вес для удобства работы в ограниченных пространствах. Прочная конструкция корпуса и металлический башмак значительно продлевает срок эксплуатации. Инструмент не нагревается при работе. Оснащена повышенной виброзащитой. Гарантийный и текущий ремонт. Поставка запчастей.',36000,11,'2025-04-15 08:45:12.802468',1,237,_binary 'uploads/products/tpv3a_ZqMDzfV.jpg',_binary 'uploads/products/thumb/uploads/products/tpv3a_ZqMDzfV_itlsblJ.jpg',1,NULL,0,0,1,NULL),(279,_binary 'Блок подготовки воздуха БПВ-3.0',_binary 'blok-podgotovki-vozdukha-bpv-3-0',_binary 'Блок подготовки воздуха, включающий в себя влагоотделитель, масленку, регулятор давления, манометр.',10800,23,'2025-04-15 08:32:02.372403',0,279,_binary 'uploads/products/bpv3_Ay3h07b.jpg',_binary 'uploads/products/thumb/uploads/products/bpv3_Ay3h07b.jpg',NULL,NULL,0,0,1,NULL),(474,_binary 'Лопатка для ПШМ МПС-2215М',_binary 'lopatka-dlia-pshm-mps-2215m',_binary 'Лопатка текстолитовая для торцевой шлифовальной машины МПС-2215М (Катран-Пневмо)',300,32,'2025-04-15 08:32:18.681318',0,474,_binary 'uploads/products/lopatka-dlya-pshm-mps-2215m_X1wVU7r.jpg',_binary 'uploads/products/thumb/uploads/products/lopatka-dlya-pshm-mps-2215m_X1wVU7r.jpg',NULL,NULL,0,0,1,NULL),(505,_binary 'Пневмомолоток клепальный ИП-4009М (ТЭМЗ)',_binary 'pnevmomolotok-klepalnyi-ip-4009m-temz',_binary 'Молоток ИП4009 предназначен для расклепки заклепок в горячем состоянии при монтажно-сборочных работах в различных областях.',0,4,'2025-04-15 08:32:20.588754',0,505,_binary 'uploads/products/ip4009m_Yjnh5Yg.jpg',_binary 'uploads/products/thumb/uploads/products/ip4009m_Yjnh5Yg.jpg',NULL,NULL,0,0,1,NULL),(651,_binary 'Цанга 6 мм для МП-011 МП-006',_binary 'tsanga-6-mm-dlia-mp-011-mp-006',_binary 'Цанга 6 мм для пневматических шлифовальных машин МП-011 МП-006 производства Катран-Пневмо',1980,31,'2025-04-15 09:00:49.628004',0,651,_binary 'uploads/products/canga-6-mm-dlya-mp-011-mp-006.jpg',_binary 'uploads/products/thumb/uploads/products/canga-6-mm-dlya-mp-011-mp-006.jpg',1,NULL,0,0,1,NULL),(774,_binary 'Машина ручная пневматическая сверлильная угловая реверсивная ПВМ-12',_binary 'mashina-ruchnaia-pnevmaticheskaia-sverlilnaia-uglovaia-reversivnaia-pvm-12',_binary 'Пневматическая реверсивная машина, используемая для привода механизмов и вальцевания труб, в комплекте с домкратом - для сверления отверстий. Отличается высокой надежностью и повышенным ресурсом. Гарантия, сервисное обслуживание.',0,10,'2025-04-15 09:00:56.805551',0,774,_binary 'uploads/products/pvm12s_4FXq43E.jpg',_binary 'uploads/products/thumb/uploads/products/pvm12s_4FXq43E.jpg',1,NULL,0,0,1,NULL),(914,_binary 'Пневмомолоток клепальный ИП-4010М (ТЭМЗ)',_binary 'pnevmomolotok-klepalnyi-ip-4010m-temz',_binary 'Молоток ИП4010 предназначен для расклепки заклепок в горячем состоянии при монтажно-сборочных \r\nработах в различных областях.',0,4,'2025-04-15 09:00:57.176286',0,914,_binary 'uploads/products/ip4010m_9pAyNDh.jpg',_binary 'uploads/products/thumb/uploads/products/ip4010m_9pAyNDh_NVkNQfb.jpg',9,NULL,0,0,1,NULL),(992,_binary 'Пневмоперфоратор ПП-54В2',_binary 'pnevmoperforator-pp-54v2',_binary 'Перфоратор <b>ПП54</b> предназначен для бурения шпуров в бетоне, граните, горных породах. Различают следующие модификации:\r\n<b>В</b> - пылеподавление водой\r\n<b>Б</b> - боковая промывка\r\n<b>С</b> - продувка',58200,7,'2025-04-15 09:00:57.557997',0,992,_binary 'uploads/products/pp36_35GjFtZ.jpg',_binary 'uploads/products/thumb/uploads/products/pp36_35GjFtZ_IksCg6q.jpg',8,NULL,0,0,1,NULL),(1161,_binary 'Пика-зубило П-31 (ТЗК)',_binary 'pika-zubilo-p-31-tzk','',480,22,'2025-04-15 08:59:48.209451',0,1161,_binary 'uploads/products/p31tzk_3fjnyNU.jpg',_binary 'uploads/products/thumb/uploads/products/p31tzk_3fjnyNU.jpg',10,NULL,0,0,1,NULL),(1245,_binary 'Пневмосверлильная машина СМ 21-10-2300',_binary 'pnevmosverlilnaia-mashina-sm-21-10-2300',_binary 'Патрон ПСС-10.',0,10,'2025-04-15 08:31:58.032082',0,1245,_binary 'uploads/products/sm211023_r87Ftw3.jpg',_binary 'uploads/products/thumb/uploads/products/sm211023_r87Ftw3.jpg',NULL,NULL,0,0,1,NULL),(1307,_binary 'Резьбонарезная машина РМ 22-8',_binary 'rezbonareznaia-mashina-rm-22-8',_binary 'Пневматическая резьбонарезная машина РМ 22-8 предназначена для нарезания резьбы диаметром до 8 мм и с патроном ПС-10 В12 - до 10 мм, в стальных, аллюминиевых и медных деталях. Данная пневматическая резьбонарезная машинка применяется для финишной сборке и монтаже оборудования.',9000,9,'2025-04-15 08:59:48.921096',0,1307,_binary 'uploads/products/rm228_po6CgQD.jpg',_binary 'uploads/products/thumb/uploads/products/rm228_po6CgQD.jpg',8,NULL,0,0,1,NULL),(1353,_binary 'Пневмомолоток клепальный КМП-14',_binary 'pnevmomolotok-klepalnyi-kmp-14',_binary 'Молоток предназначен для расклепывания заклепок при выполнении различных сборочных работ.',0,4,'2025-04-15 08:31:58.700192',0,1353,_binary 'uploads/products/kmp14_gW8RN44.jpg',_binary 'uploads/products/thumb/uploads/products/kmp14_gW8RN44.jpg',NULL,NULL,0,0,1,NULL),(1480,_binary 'Пика-лопатка П-41 (ТЭМЗ)',_binary 'pika-lopatka-p-41-temz',_binary 'Форма инструмента - лопатка.',1800,22,'2025-04-15 08:59:49.589044',0,1480,_binary 'uploads/products/p41temz_eu4NHaK.jpg',_binary 'uploads/products/thumb/uploads/products/p41temz_eu4NHaK.jpg',9,NULL,0,0,1,NULL),(1512,_binary 'Фиксатор МОП2-0015',_binary 'fiksator-mop2-0015',_binary 'Запчасти для отбойных молотков серии МОП. Фиксатор МОП2-0015',150,26,'2025-04-15 08:31:59.074657',0,1512,_binary 'uploads/products/fiksator-mop2-0015_RrgueUT.jpg',_binary 'uploads/products/thumb/uploads/products/fiksator-mop2-0015_RrgueUT.jpg',NULL,NULL,0,0,1,NULL),(1630,_binary 'Молоток зачистной пневматический ЗПШМ-1',_binary 'molotok-zachistnoi-pnevmaticheskii-zpshm-1',_binary 'Молоток зачистной пневматический ЗПШМ-1 предназначен для зачистки сварных швов от шлака, капель и брызг металла с помощью зубила.',0,6,'2025-04-15 08:59:50.745383',0,1630,_binary 'uploads/products/zpshm_4hbRVgI.jpg',_binary 'uploads/products/thumb/uploads/products/zpshm_4hbRVgI.jpg',8,NULL,0,0,1,NULL),(1717,_binary 'Лопатка для цанговой шлифмашины МП-011',_binary 'lopatka-dlia-tsangovoi-shlifmashiny-mp-011',_binary 'Лопатка текстолитовая для цанговой шлифмашины МП-011 (Катран-Пневмо)',240,32,'2025-04-15 08:31:59.414698',0,1717,_binary 'uploads/products/lopatka-dlya-cangovoj-shlifmashiny-mp-011_PbaUTwk.jpg',_binary 'uploads/products/thumb/uploads/products/lopatka-dlya-cangovoj-shlifmashiny-mp-011_PbaUTwk.jpg',NULL,NULL,0,0,1,NULL),(1826,_binary 'Пневмовинтоверт ПВ-М4',_binary 'pnevmovintovert-pv-m4','',4800,1,'2025-04-15 08:59:52.000537',0,1826,_binary 'uploads/products/pvm4_gerQlQb.jpg',_binary 'uploads/products/thumb/uploads/products/pvm4_gerQlQb.jpg',11,NULL,0,0,1,NULL),(1898,_binary 'Пила пневматическая ПП-2',_binary 'pila-pnevmaticheskaia-pp-2',_binary 'Цепная пила предназначена для распила древесины во взрывоопасных условиях.',33000,8,'2025-04-15 08:59:52.272863',0,1898,_binary 'uploads/products/pp2_sAypnze.jpg',_binary 'uploads/products/thumb/uploads/products/pp2_sAypnze.jpg',8,NULL,0,0,1,NULL),(1919,_binary 'Пневмомолоток рубильный МР-22 (ТЭМЗ)',_binary 'pnevmomolotok-rubilnyi-mr-22-temz','',0,6,'2025-04-15 08:59:53.012923',0,1919,_binary 'uploads/products/mr22_aXqJxpr.jpg',_binary 'uploads/products/thumb/uploads/products/mr22_aXqJxpr_s4AuSMF.jpg',9,NULL,1,0,1,NULL),(2092,_binary 'Вибратор пневматический ВП-7',_binary 'vibrator-pnevmaticheskii-vp-7',_binary 'Навесной пневматический вибратор для уплотнения бетонных смесей в процессе изготовления железобетонных труб.',24000,17,'2025-04-15 08:59:53.363877',0,2092,_binary 'uploads/products/vp7_BpE3ttm.jpg',_binary 'uploads/products/thumb/uploads/products/vp7_BpE3ttm.jpg',8,NULL,0,0,1,NULL),(2332,_binary 'Лопатка для цанговой шлифмашины AT-7033',_binary 'lopatka-dlia-tsangovoi-shlifmashiny-at-7033',_binary 'Лопатка текстолитовая для цанговой шлифмашины JSD AT-7033',120,32,'2025-04-15 08:31:59.813813',0,2332,_binary 'uploads/products/lopatka-dlya-cangovoj-shlifmashiny-at-7033_i0Gbvro.jpg',_binary 'uploads/products/thumb/uploads/products/lopatka-dlya-cangovoj-shlifmashiny-at-7033_i0Gbvro.jpg',NULL,NULL,0,0,1,NULL),(2438,_binary 'Пневмошлифмашина DGL-38LS',_binary 'pnevmoshlifmashina-dgl-38ls',_binary 'Бормашинка Daewoo DGL-38LS (Южная Корея) - промышленная модель с удлиненным валом, подходит для использования в тяжелых условиях, с отличной производительностью при выполнения работ по шлифовке и зачистке в труднодоступных и ограниченных местах. Производительный и эффективный зачистной инструмент; точность управления и удобство оператора; простота в работе и дальнейшем обслуживании; ровная и стабильная мощность на шпинделе; малый вес и исключительная компактность и эргономия.',0,16,'2025-04-15 08:32:00.164421',0,2438,_binary 'uploads/products/dgl38ls_pJzTspk.jpg',_binary 'uploads/products/thumb/uploads/products/dgl38ls_pJzTspk_O7xustD.jpg',2,NULL,0,0,1,NULL),(2491,_binary 'Пневмошлифмашина DG-38LS',_binary 'pnevmoshlifmashina-dg-38ls',_binary 'Пневматическая шлифовальная машина Daewoo DG-38LS (Южная Корея) — профессиональная бормашинка широкого спектра применения и повышенной надежности. Простота эксплуатации и обслуживания; Антивибрационное и холодостойкое покрытие рукояти; Возможность работы инструментом с хвостовиком 3мм за счет переходной цанги; Фиксированный рычаг управления воздушным потоком; Короткий вал; Малый вес и отличительная эргономика;',0,16,'2025-04-15 08:32:00.519622',0,2491,_binary 'uploads/products/dg38ls_pmuWtA2.jpg',_binary 'uploads/products/thumb/uploads/products/dg38ls_pmuWtA2_TJIuVma.jpg',2,NULL,0,0,1,NULL),(2523,_binary 'Зубило ИП-4126.042',_binary 'zubilo-ip-4126-042','',1020,21,'2025-04-15 08:45:13.815462',0,2523,_binary 'uploads/products/ip412642_oVoVbig.jpg',_binary 'uploads/products/thumb/uploads/products/ip412642_oVoVbig.jpg',1,NULL,0,0,1,NULL),(2663,_binary 'Пневмомолоток рубильный МР-36 (ТЭМЗ) ',_binary 'pnevmomolotok-rubilnyi-mr-36-temz','',0,6,'2025-04-15 08:59:55.451793',0,2663,_binary 'uploads/products/mr36_mWvzBl8.jpg',_binary 'uploads/products/thumb/uploads/products/mr36_mWvzBl8.jpg',9,NULL,0,0,1,NULL),(2669,_binary 'Клапан МОП2-0006',_binary 'klapan-mop2-0006','',102,26,'2025-04-15 08:32:00.924564',0,2669,_binary 'uploads/products/mop2-0006_jdoVlxh.jpg',_binary 'uploads/products/thumb/uploads/products/mop2-0006_jdoVlxh.jpg',NULL,NULL,0,0,1,NULL),(2671,_binary 'Лопатка для ПШМ ИП-2014 (ИП-2014Б)',_binary 'lopatka-dlia-pshm-ip-2014-ip-2014b',_binary 'Лопатка текстолитовая для прямой шлифовальной машины ИП-2014 (ИП-2014Б)',120,32,'2025-04-15 08:32:01.242714',0,2671,_binary 'uploads/products/lopatka-dlya-pshm-ip-2014-ip-2014_XqomiH6.jpg',_binary 'uploads/products/thumb/uploads/products/lopatka-dlya-pshm-ip-2014-ip-2014_XqomiH6.jpg',NULL,NULL,0,0,1,NULL),(2672,_binary 'Лопатка для УШМ ИП-2106А',_binary 'lopatka-dlia-ushm-ip-2106a',_binary 'Лопатка текстолитовая для угловой шлифовальной машины ИП-2106А',120,32,'2025-04-15 08:32:01.546339',0,2672,_binary 'uploads/products/lopatka-dlya-ushm-ip-2106a_bJ0PTBO.jpg',_binary 'uploads/products/thumb/uploads/products/lopatka-dlya-ushm-ip-2106a_bJ0PTBO.jpg',NULL,NULL,0,0,1,NULL),(2713,_binary 'Пневмошлифмашина МПС-2215М-8500',_binary 'pnevmoshlifmashina-mps-2215m-8500',_binary 'Модификация машины МПС-2215М производства ООО \"Катран-Пневмо\" для работы отрезными и шлифовальными кругами диаметром 180 мм. Гарантийное и сервисное обслуживание. Патент № 19873.',29400,14,'2025-04-15 08:32:01.857299',0,2713,_binary 'uploads/products/mps8500_CTlUdZQ.jpg',_binary 'uploads/products/thumb/uploads/products/mps8500_CTlUdZQ_YJyoX5h.jpg',1,NULL,0,0,0,NULL),(2719,_binary 'Пика-лопатка П-41 (ТЗК)',_binary 'pika-lopatka-p-41-tzk',_binary 'Форма инструмента - лопатка.',600,22,'2025-04-15 08:59:57.020509',0,2719,_binary 'uploads/products/p41tzk_xp0cNZ5.jpg',_binary 'uploads/products/thumb/uploads/products/p41tzk_xp0cNZ5.jpg',10,NULL,0,0,1,NULL),(2844,_binary 'Молоток отбойный МО-2К',_binary 'molotok-otboinyi-mo-2k',_binary 'Молоток предназначен для отбойки угля разной крепости, добычи мягких руд,\nглины, сланца, камня, разрыхления твердого или промерзшего грунта и других\nработ.',9600,5,'2025-04-15 08:32:02.686972',0,2844,_binary 'uploads/products/mo2k_kjD7tAB.jpg',_binary 'uploads/products/thumb/uploads/products/mo2k_kjD7tAB.jpg',NULL,NULL,0,0,1,NULL),(2865,_binary 'Пневмошлифмашина DAG-6SX',_binary 'pnevmoshlifmashina-dag-6sx',_binary 'Угловая шлифовальная машинка Daewoo DAG-6SX - промышленная модель от известного корейского производителя, с диаметром шлифовального круга 180 мм и отличными потребительскими характеристиками. Будет незаменима при выполнении операций связанных с резкой различных материалов, для обработки и заглаживания сварных швов, удаления ржавчины, снятия заусенец и другой подготовки поверхностей из камня, бетона и металла. Идеально подойдет для эксплуатации в тяжелых условиях.',0,15,'2025-04-15 08:32:03.047971',0,2865,_binary 'uploads/products/dag6sx_pAY6Olb.jpg',_binary 'uploads/products/thumb/uploads/products/dag6sx_pAY6Olb_18f7HoL.jpg',2,NULL,1,0,1,NULL),(2870,_binary 'Пневмозубило DCH-24',_binary 'pnevmozubilo-dch-24',_binary 'Предназначены для рубки тонкого листового металла, очистки от накипи и ржавчины.\nИспользуются в строительстве при ремонтных работах, например, скалывание старой \nкерамической плитки.',0,6,'2025-04-15 08:59:58.223113',0,2870,_binary 'uploads/products/dch24_OJ0dHhs.jpg',_binary 'uploads/products/thumb/uploads/products/dch24_OJ0dHhs.jpg',2,NULL,0,0,1,NULL),(3030,_binary 'Цанговый зажим 8 мм для МП-011 МП-006',_binary 'tsangovyi-zazhim-8-mm-dlia-mp-011-mp-006',_binary 'Цанговый зажим 8 мм для пневматических шлифовальных машин МП-011 МП-006 производства Катран-Пневмо',3420,31,'2025-04-15 08:45:16.267181',0,3030,_binary 'uploads/products/cangovyj-zazhim-8-mm-dlya-mp-011-mp-006_VpHm3KC.jpg',_binary 'uploads/products/thumb/uploads/products/cangovyj-zazhim-8-mm-dlya-mp-011-mp-006_VpHm3KC.jpg',1,NULL,0,0,1,NULL),(3079,_binary 'Ниппель МОП-2-0013',_binary 'nippel-mop-2-0013',_binary 'Запчасти для отбойных молотков серии МОП ТЗК.',480,26,'2025-04-15 08:32:03.460511',0,3079,_binary 'uploads/products/nippel-mop-2-0013_ekZ9196.jpg',_binary 'uploads/products/thumb/uploads/products/nippel-mop-2-0013_ekZ9196.jpg',NULL,NULL,0,0,1,NULL),(3153,_binary 'Пневмошлифмашина AT-7033',_binary 'pnevmoshlifmashina-at-7033',_binary 'Пневматическая шлифовальная машина AT-7033 предназначена для обработки штампов и пресс-форм, шлифования и зачистки поверхностей и других аналогичных работ. Гарантийный ремонт и сервисное обслуживание, запчасти. Аналог пневмомашины МП-006.',6000,16,'2025-04-15 08:59:59.396258',0,3153,_binary 'uploads/products/at7033_OQM0JmN.jpg',_binary 'uploads/products/thumb/uploads/products/at7033_OQM0JmN.jpg',3,NULL,0,0,1,NULL),(3156,_binary 'Пневмотурбинка AT-010K',_binary 'pnevmoturbinka-at-010k',_binary 'Пневматическая бормашинка AT-010K. Поставляется в кейсе с набором фрез.',4800,16,'2025-04-15 08:32:03.807942',1,3156,_binary 'uploads/products/at010k_kfIgJXZ.jpg',_binary 'uploads/products/thumb/uploads/products/at010k_kfIgJXZ_y7fctom.jpg',NULL,NULL,1,0,1,NULL),(3160,_binary 'Пневмовинтоверт AT-4060B',_binary 'pnevmovintovert-at-4060b','',7200,1,'2025-04-15 09:00:00.037181',1,3160,_binary 'uploads/products/at4060b_rmXLIIu.jpg',_binary 'uploads/products/thumb/uploads/products/at4060b_rmXLIIu_ssb7MEa.jpg',12,NULL,0,0,1,NULL),(3161,_binary 'Пневмодрель AT-4041',_binary 'pnevmodrel-at-4041',_binary 'Пневмодрель АТ-4041 предназначена для сверления и рассверливания отверстий диаметром до 13 мм в сталях средней плотности, цветных меллах, пластмассах и дереве.',6000,10,'2025-04-15 09:00:00.321969',0,3161,_binary 'uploads/products/at4041_BJe076Q.jpg',_binary 'uploads/products/thumb/uploads/products/at4041_BJe076Q.jpg',12,NULL,0,0,1,NULL),(3163,_binary 'Пневмодрель AT-4031',_binary 'pnevmodrel-at-4031',_binary 'Пневмодрель АТ-4031 предназначена для сверления и рассверливания отверстий диаметром до 10 мм в сталях средней плотности, цветных меллах, пластмассах и дереве.',6000,10,'2025-04-15 09:00:00.650041',0,3163,_binary 'uploads/products/at4031_rugu7Mv.jpg',_binary 'uploads/products/thumb/uploads/products/at4031_rugu7Mv.jpg',12,NULL,0,0,1,NULL),(3166,_binary 'Пневмотрамбовка ТПВ-3АУ-М',_binary 'pnevmotrambovka-tpv-3au-m',_binary 'Верстачная пневмотрамбовка.',0,11,'2025-04-15 09:00:00.969687',0,3166,_binary 'uploads/products/tpv3aum_dR5CGFd.jpg',_binary 'uploads/products/thumb/uploads/products/tpv3aum_dR5CGFd.jpg',8,NULL,0,0,1,NULL),(3310,_binary 'Головка сменная Н-112',_binary 'golovka-smennaia-n-112','',600,20,'2025-04-15 08:32:04.259091',0,3310,_binary 'static/images/blank_prodimg.jpg',_binary 'uploads/products/thumb/static/images/blank_prodimg_jAIUYgd.jpg',NULL,NULL,0,0,1,NULL),(3369,_binary 'Пневмоотвертка DS-4TS-10',_binary 'pnevmootvertka-ds-4ts-10',_binary 'Рычажное включение. Регулировка крутящего момента. Шариковая муфта обеспечивает долговечность и пониженный уровень шума.',0,1,'2025-04-15 09:00:01.284780',0,3369,_binary 'uploads/products/ds4ts10_ApmPogp.jpg',_binary 'uploads/products/thumb/uploads/products/ds4ts10_ApmPogp.jpg',2,NULL,0,0,1,NULL),(3397,_binary 'Редуктор угловой РУ-6,4',_binary 'reduktor-uglovoi-ru-64',_binary 'Редуктор предназначен для использования в качестве ручного привода механизмов различного специального производственно-технического назначения.',0,19,'2025-04-15 08:45:17.715081',0,3397,_binary 'uploads/products/ru64_En5tSij.jpg',_binary 'uploads/products/thumb/uploads/products/ru64_En5tSij.jpg',1,NULL,0,0,1,NULL),(3408,_binary 'Пика-зубило П-32',_binary 'pika-zubilo-p-32',_binary 'Зубило для рубильных молотков МР-22, МР-36',1200,21,'2025-04-15 09:00:01.910743',0,3408,_binary 'uploads/products/p32_QDSCiP8.jpg',_binary 'uploads/products/thumb/uploads/products/p32_QDSCiP8.jpg',9,NULL,0,0,1,NULL),(3436,_binary 'Зубило ИП-4126.043',_binary 'zubilo-ip-4126-043','',1140,21,'2025-04-15 08:45:18.030961',0,3436,_binary 'uploads/products/ip412643_qml8QuL.jpg',_binary 'uploads/products/thumb/uploads/products/ip412643_qml8QuL.jpg',1,NULL,0,0,1,NULL),(3448,_binary 'Пневмомашина сверлильная DRS-4R',_binary 'pnevmomashina-sverlilnaia-drs-4r','',0,10,'2025-04-15 09:00:02.581042',0,3448,_binary 'uploads/products/drs4r_YrxEQyH.jpg',_binary 'uploads/products/thumb/uploads/products/drs4r_YrxEQyH.jpg',2,NULL,0,0,1,NULL),(3453,_binary 'Ниппель ИП-2014, ИП-2106, ИП-2018, ИП-3128, ИП-2110',_binary 'nippel-ip-2014-ip-2106-ip-2018-ip-3128-ip-2110','',780,25,'2025-04-15 08:45:18.362166',0,3453,_binary 'uploads/products/nipple22_YgVlb63.jpg',_binary 'uploads/products/thumb/uploads/products/nipple22_YgVlb63.jpg',1,NULL,0,0,1,NULL),(3492,_binary 'Пневмотрамбовка ПТ-38',_binary 'pnevmotrambovka-pt-38',_binary 'Трамбовка пневматическая (пневмотрамбовка) виброзащищенная ПТ-38 предназначена для работ по послойному уплотнению формовочной смеси в литейном производстве. Система пневмораспределения обеспечивает надёжную защиту рук оператора. Трамбовка пневматическая ПТ-38 рассчитана для работы на крупных предприятиях. Низкий центр тяжести и активная система понижения вибрации сбережет здоровье оператора, и сохранить саму пневмотрамбовку в рабочем состоянии. Снабжена виброзащитой. Гарантийный и текущий ремонт',0,11,'2025-04-15 09:00:03.162566',0,3492,_binary 'uploads/products/pt38_xijlv8p.jpg',_binary 'uploads/products/thumb/uploads/products/pt38_xijlv8p.jpg',8,NULL,0,0,1,NULL),(3519,_binary 'Зубило РМ8А-00.01',_binary 'zubilo-rm8a-00-01','',1140,21,'2025-04-15 08:45:18.684688',0,3519,_binary 'uploads/products/rm801_u1g9no0.jpg',_binary 'uploads/products/thumb/uploads/products/rm801_u1g9no0.jpg',1,NULL,0,0,1,NULL),(3521,_binary 'Пневмошлифмашина DSG-25HC',_binary 'pnevmoshlifmashina-dsg-25hc',_binary 'Пневмошлифмашина поставляется с цанговым зажимом 6 мм, 8 мм или 10 мм на выбор.',0,16,'2025-04-15 08:32:04.398877',0,3521,_binary 'uploads/products/dsg25hc_FH8dtkg.jpg',_binary 'uploads/products/thumb/uploads/products/dsg25hc_FH8dtkg_Z5kNGOd.jpg',2,NULL,0,0,1,NULL),(3523,_binary 'Цанга 8 мм для МП-011 МП-006',_binary 'tsanga-8-mm-dlia-mp-011-mp-006',_binary 'Цанга 8 мм для пневматических шлифовальных машин МП-011 МП-006 производства Катран-Пневмо',1980,31,'2025-04-15 08:45:19.396771',0,3523,_binary 'uploads/products/canga-8-mm-dlya-mp-011-mp-006_5ZEdDBH.jpg',_binary 'uploads/products/thumb/uploads/products/canga-8-mm-dlya-mp-011-mp-006_5ZEdDBH.jpg',1,NULL,0,0,1,NULL),(3528,_binary 'Пика П-11 (ТЭМЗ)',_binary 'pika-p-11-temz','',720,22,'2025-04-15 09:00:04.574729',0,3528,_binary 'uploads/products/p11temz_YmmfQsU.jpg',_binary 'uploads/products/thumb/uploads/products/p11temz_YmmfQsU.jpg',9,NULL,0,0,1,NULL),(3547,_binary 'Пневмомашина DAG-5LX',_binary 'pnevmomashina-dag-5lx',_binary 'Угловая шлифовальная машина DAG-5LX позволяет проводить работы по шлифовке металлических и других поверхностей шлифовальными кругами диаметром до 125 мм. Эргономичная конструкция корпуса позволяет с легкостью проводить работы в углах конструктивных конструкций, а подпружиненный рычаг управления потоком воздуха обеспечивает безопасную эксплуатацию пневмоинструмента.',0,15,'2025-04-15 08:32:04.782345',0,3547,_binary 'uploads/products/dag5lx_BUphsOP.jpg',_binary 'uploads/products/thumb/uploads/products/dag5lx_BUphsOP_iR561i4.jpg',2,NULL,0,0,1,NULL),(3561,_binary 'Пневмошлифмашина DAG-6LX',_binary 'pnevmoshlifmashina-dag-6lx',_binary 'Удлиненная модель с подпружиненным рычагом управления и возможным изменением направления выхлопа.',0,15,'2025-04-15 08:32:05.102073',0,3561,_binary 'uploads/products/dag6lx_ZcZo0zW.jpg',_binary 'uploads/products/thumb/uploads/products/dag6lx_ZcZo0zW_EQoa5ZD.jpg',2,NULL,1,0,1,NULL),(3606,_binary 'Молоток отбойный МО-1Б (ТЭМЗ)',_binary 'molotok-otboinyi-mo-1b-temz',_binary 'Пневматический отбойный молоток Российский МО-1Б (ТЭМЗ)  предназначен для использования на легких работах (отбойка мягких углей, добыча глины, раскалывание льда). Клапанный механизм МО1Б обладает большим рабочим ресурсом и высокой надежностью. Отличительной особенностью данной модели является высокая производительность при сравнительно малом весе. Размер хвостовика составляет 24х70 мм. Штуцер типа ёлочки для подсоединения шланга с внутренним сечением 18мм. Качественный инструмент полностью росси',26400,5,'2025-04-15 08:32:05.425402',0,3606,_binary 'uploads/products/mo1b_h3pxKja.jpg',_binary 'uploads/products/thumb/uploads/products/mo1b_h3pxKja_4tun5H5.jpg',9,NULL,0,0,1,NULL),(3613,_binary 'Головка торцевая 1\" S=55 мм',_binary 'golovka-tortsevaia-1-s-55-mm','',780,20,'2025-04-15 08:32:05.818074',0,3613,_binary 'uploads/products/1-55mm_A6JiZoU.jpg',_binary 'uploads/products/thumb/uploads/products/1-55mm_A6JiZoU.jpg',NULL,NULL,0,0,1,NULL),(3617,_binary 'Зубило РМ-8А.00.03',_binary 'zubilo-rm-8a-00-03','',1500,21,'2025-04-15 08:45:21.054153',0,3617,_binary 'uploads/products/rm803_nY8V6Tb.jpg',_binary 'uploads/products/thumb/uploads/products/rm803_nY8V6Tb.jpg',1,NULL,0,0,1,NULL),(3618,_binary 'Ударник МО-4Б.0011',_binary 'udarnik-mo-4b-0011','',720,26,'2025-04-15 08:32:06.228628',0,3618,_binary 'uploads/products/mo4b-0011_4LTgPvc.jpg',_binary 'uploads/products/thumb/uploads/products/mo4b-0011_4LTgPvc.jpg',NULL,NULL,0,0,1,NULL),(3663,_binary 'Пневмотрамбовка ТПВ-5А-М',_binary 'pnevmotrambovka-tpv-5a-m',_binary 'Верстачная пневмотрамбовка.',0,11,'2025-04-15 09:00:06.927184',0,3663,_binary 'uploads/products/tpv5am_NXiPC9U.jpg',_binary 'uploads/products/thumb/uploads/products/tpv5am_NXiPC9U.jpg',8,NULL,0,0,1,NULL),(3664,_binary 'Пневмотрамбовка ТПВ-5АУ-М',_binary 'pnevmotrambovka-tpv-5au-m',_binary 'Напольная пневмотрамбовка.',0,11,'2025-04-15 09:00:07.244335',0,3664,_binary 'uploads/products/tpv5aum_0auDtt8.jpg',_binary 'uploads/products/thumb/uploads/products/tpv5aum_0auDtt8.jpg',8,NULL,0,0,1,NULL),(3682,_binary 'Пневмошлифмашина DG-38S',_binary 'pnevmoshlifmashina-dg-38s',_binary 'Бормашинка Daewoo DG-38S - промышленная модель фирмы DAEWOO AirTools. Прекрасно подойдет для использования в тяжелых условиях, с отличной производительностью при выполнения общих работ по шлифовке и зачистке. Производительный и эффективный зачистной инструмент; точность управления и удобство оператора; простота в работе и дальнейшем обслуживании; ровная и стабильная мощность на шпинделе; малый вес и исключительная компактность и эргономика.',0,16,'2025-04-15 08:32:06.533978',0,3682,_binary 'uploads/products/dg38s_jlNtmOF.jpg',_binary 'uploads/products/thumb/uploads/products/dg38s_jlNtmOF_a39Gfyi.jpg',2,NULL,0,0,1,NULL),(3687,_binary 'Лопатка для ПШМ ИП-2203А',_binary 'lopatka-dlia-pshm-ip-2203a',_binary 'Лопатка текстолитовая для шлифмашины пневматической торцевой ИП-2203',120,32,'2025-04-15 08:32:06.870548',0,3687,_binary 'uploads/products/lopatka-dlya-pshm-ip-2203a_XGTXQHm.jpg',_binary 'uploads/products/thumb/uploads/products/lopatka-dlya-pshm-ip-2203a_XGTXQHm.jpg',NULL,NULL,0,0,1,NULL),(3729,_binary 'Пневмошлифмашина DG-50L',_binary 'pnevmoshlifmashina-dg-50l',_binary 'Пневматическая шлифмашина Daewoo DG-50L - компактная профессиональная бормашинка (цанговая шлифмашина). Компактные габариты инструмента позволяют проводить работы по шлифованию в тяжелых условиях не прикладываю больших усилий.\n<ul><li>Простота эксплуатации и обслуживания;</li><li>Антивибрационное и холодостойкое покрытие;</li><li>Высокая мощность;</li><li>Рычажный механизм управления воздушным потоком;</li><li>Компактные габаритные размеры;</li><li>Малый вес и отличительная эргономика</li></ul>',0,16,'2025-04-15 09:00:08.221842',0,3729,_binary 'uploads/products/dg50l_Eq974Gd.jpg',_binary 'uploads/products/thumb/uploads/products/dg50l_Eq974Gd.jpg',2,NULL,0,0,1,NULL),(3731,_binary 'Пневмошлифмашина DSG-25HW',_binary 'pnevmoshlifmashina-dsg-25hw',_binary 'Пневмошлифмашинка DSG-25HW позволяет работать импортными кругами прямого профиля диаметром до 63 мм с посадочным диаметром 9.5 мм. Для работы кругами отечественного производства 63 х 20 х 20 мм требуется изготовление дополнительной насадки. Допускается использование кругов с допустимой окружной скоростью не менее 60 м/с !',0,13,'2025-04-15 08:32:07.214636',0,3731,_binary 'uploads/products/dsg25hw_BHfQtyS.jpg',_binary 'uploads/products/thumb/uploads/products/dsg25hw_BHfQtyS.jpg',NULL,NULL,0,0,1,NULL),(3732,_binary 'Пневмошлифмашина DAG-6SX-1',_binary 'pnevmoshlifmashina-dag-6sx-1',_binary 'Модернизированная DAG-6SX с переставляемой рукояткой. Возможен как \"левый\", так и \"правый\" варианты инструмента.',0,15,'2025-04-15 08:32:07.518669',0,3732,_binary 'uploads/products/dag6sx-1_eSkopUK.jpg',_binary 'uploads/products/thumb/uploads/products/dag6sx-1_eSkopUK_GMLaPdH.jpg',2,NULL,0,0,1,NULL),(3734,_binary 'Пневмошлифмашина S150Z66A (ПШМ-150)',_binary 'pnevmoshlifmashina-s150z66a-pshm-150',_binary 'Основным назначением прямой шлифовальной машины S150Z66A является зачистка и пригоночные работы по углеродистым сталям с пределом прочности не более 540 МПа. Допускается использование шлифовальных кругов 150 х 25 х 32 мм с допустимой окружной скоростью не менее 50 м/с. Сервисное обслуживание.',10200,13,'2025-04-15 08:32:07.818725',0,3734,_binary 'uploads/products/s150z66a_7suTCTf.jpg',_binary 'uploads/products/thumb/uploads/products/s150z66a_7suTCTf_9uyDhdy.jpg',3,NULL,0,0,1,NULL),(3755,_binary 'Лопатка для УШМ SJ180',_binary 'lopatka-dlia-ushm-sj180',_binary 'Лопатка текстолитовая для угловой шлифовальной машины JSD SJ180',120,32,'2025-04-15 08:32:08.167107',0,3755,_binary 'uploads/products/lopatka-dlya-ushm-sj180_XKi0VNh.jpg',_binary 'uploads/products/thumb/uploads/products/lopatka-dlya-ushm-sj180_XKi0VNh.jpg',NULL,NULL,0,0,1,NULL),(3763,_binary 'Пневматический гайковерт NF-3883',_binary 'pnevmaticheskii-gaikovert-nf-3883',_binary 'Высокопроизводительный пневмогайковерт NF-3883, фирмы Hymair - профеcсиональный пневматический инструмент оснащеный ударным механизмом Twin Hammer и усиленным двигателем.\r\nПринцип работы ударного гайковерта основан на усилии ударно-вращательного механизма, который оказывает импульсное воздействие на крепёж, что позволяет добиться повышенного усилия на старте.',66000,2,'2025-04-15 09:00:09.735984',0,3763,_binary 'uploads/products/pnevmaticheskij-gajkovert-nf-3883.jpg',_binary 'uploads/products/thumb/uploads/products/pnevmaticheskij-gajkovert-nf-3883_bnQ4pdM.jpg',5,NULL,1,0,1,NULL),(3765,_binary 'Пневмогайковерт AT-238',_binary 'pnevmogaikovert-at-238',_binary 'Пневматический ударный гайковерт <span class=\"c-super-red fzbold\">AT&#8209;238, фирмы Hymair</span> в крепком металлическом корпусе и ударным механизмом <span class=\"c-super-red fzbold\">Twin Hammer</span>. Используется для откручивания-закручивания резьбовых соединений, болтового крепежа различных узлов автомобиля: двигателя, ходовой части, подвески; коммерческого шиномонтажа. Заменяет весь мощностной ряд ранее выпускаемых отечественных гайковертов ИП-3113, ИП-3125, ИП-3127, ИП-3131, ИП-3126.',8400,2,'2025-04-15 09:00:09.946170',0,3765,_binary 'uploads/products/at238_1k6PvMn.jpg',_binary 'uploads/products/thumb/uploads/products/at238_1k6PvMn.jpg',12,NULL,0,0,1,NULL),(3768,_binary 'Пневмошлифмашина S100Z70 (ПШМ-100)',_binary 'pnevmoshlifmashina-s100z70-pshm-100',_binary 'Прямая пневматическая шлифовальная машина S100Z70 ПШМ-100, предназначенная для зачистки стального и чугунного литья, сварных швов и металлоконструкций, а так же полирования металлических и других поверхностей. Допускается применение шлифовальных кругов 100 х 20 х 20 мм с допустимой окружной скоростью не менее 60 м/с. Сервисное обслуживание.',9000,13,'2025-04-15 08:32:08.501624',0,3768,_binary 'uploads/products/s100z70_gASCg3x.jpg',_binary 'uploads/products/thumb/uploads/products/s100z70_gASCg3x_QYbUIMu.jpg',3,NULL,0,0,1,NULL),(3835,_binary 'Головка торцевая 1\" S=36 мм',_binary 'golovka-tortsevaia-1-s-36-mm','',780,20,'2025-04-15 08:32:08.903152',0,3835,_binary 'uploads/products/1-36mm_lH3VYli.jpg',_binary 'uploads/products/thumb/uploads/products/1-36mm_lH3VYli.jpg',NULL,NULL,0,0,1,NULL),(3836,_binary 'Головка торцевая 1\" S=41 мм',_binary 'golovka-tortsevaia-1-s-41-mm','',780,20,'2025-04-15 08:32:09.260899',0,3836,_binary 'uploads/products/15-42mm_r48NHhB.jpg',_binary 'uploads/products/thumb/uploads/products/15-42mm_r48NHhB.jpg',NULL,NULL,0,0,1,NULL),(3837,_binary 'Головка торцевая 1\" S=46 мм',_binary 'golovka-tortsevaia-1-s-46-mm','',780,20,'2025-04-15 08:32:09.605928',0,3837,_binary 'uploads/products/1-46mm_910IOkd.jpg',_binary 'uploads/products/thumb/uploads/products/1-46mm_910IOkd.jpg',NULL,NULL,0,0,1,NULL),(3838,_binary 'Лопатка для пневмогайковерта NF-3883',_binary 'lopatka-dlia-pnevmogaikoverta-nf-3883',_binary 'Лопатка для дюймового пневматического гайковерта NF-3883',240,33,'2025-04-15 09:00:11.551245',0,3838,_binary 'static/images/blank_prodimg.jpg',_binary 'uploads/products/thumb/static/images/blank_prodimg_bmNocXK.jpg',5,NULL,0,1,1,NULL),(3840,_binary 'Головка торцевая 1/2\" S=19 мм',_binary 'golovka-tortsevaia-1-2-s-19-mm','',300,20,'2025-04-15 08:32:10.014772',0,3840,_binary 'uploads/products/05-19mm_Z7qD68K.jpg',_binary 'uploads/products/thumb/uploads/products/05-19mm_Z7qD68K.jpg',NULL,NULL,0,0,1,NULL),(3841,_binary 'Головка торцевая 1/2\" S=24 мм',_binary 'golovka-tortsevaia-1-2-s-24-mm','',300,20,'2025-04-15 08:32:10.365679',0,3841,_binary 'uploads/products/05-24mm_p5HRw8C.jpg',_binary 'uploads/products/thumb/uploads/products/05-24mm_p5HRw8C.jpg',NULL,NULL,0,0,1,NULL),(3842,_binary 'Головка торцевая 1/2\" S=27 мм',_binary 'golovka-tortsevaia-1-2-s-27-mm','',300,20,'2025-04-15 08:32:10.710053',0,3842,_binary 'uploads/products/05-27mm_JqCZM31.jpg',_binary 'uploads/products/thumb/uploads/products/05-27mm_JqCZM31.jpg',NULL,NULL,0,0,1,NULL),(3843,_binary 'Головка торцевая 3/4\" S=30 мм',_binary 'golovka-tortsevaia-3-4-s-30-mm','',600,20,'2025-04-15 08:32:11.066427',0,3843,_binary 'uploads/products/34-30mm_MaRftaT.jpg',_binary 'uploads/products/thumb/uploads/products/34-30mm_MaRftaT.jpg',NULL,NULL,0,0,1,NULL),(3844,_binary 'Головка торцевая 3/4\" S=32 мм',_binary 'golovka-tortsevaia-3-4-s-32-mm','',600,20,'2025-04-15 08:32:11.471702',0,3844,_binary 'uploads/products/34-32mm_dXPebwT.jpg',_binary 'uploads/products/thumb/uploads/products/34-32mm_dXPebwT.jpg',NULL,NULL,0,0,1,NULL),(3845,_binary 'Головка торцевая 3/4\" S=36 мм',_binary 'golovka-tortsevaia-3-4-s-36-mm','',600,20,'2025-04-15 08:32:11.847225',0,3845,_binary 'uploads/products/34-36mm_TjuM3U9.jpg',_binary 'uploads/products/thumb/uploads/products/34-36mm_TjuM3U9.jpg',NULL,NULL,0,0,1,NULL),(3846,_binary 'Лопатка для ПШМ S150Z66A',_binary 'lopatka-dlia-pshm-s150z66a',_binary 'Лопатка текстолитовая для радильной шлифмашины JSD S150Z66A',120,32,'2025-04-15 08:32:12.187275',0,3846,_binary 'uploads/products/lopatka-dlya-pshm-s150z66a_o68hLx7.jpg',_binary 'uploads/products/thumb/uploads/products/lopatka-dlya-pshm-s150z66a_o68hLx7.jpg',NULL,NULL,0,0,1,NULL),(3848,_binary 'Лопатка для пневмогайковерта AT-238',_binary 'lopatka-dlia-pnevmogaikoverta-at-238',_binary 'Лопатка для пневматического гайковерта AT-238',120,33,'2025-04-15 09:00:14.140319',0,3848,_binary 'uploads/products/lopatka-dlya-pnevmogajkoverta-at-238.jpg',_binary 'uploads/products/thumb/uploads/products/lopatka-dlya-pnevmogajkoverta-at-238_LmNHTlT.jpg',12,NULL,0,1,1,NULL),(3849,_binary 'Лопатка для ПШМ S60A',_binary 'lopatka-dlia-pshm-s60a',_binary 'Лопатка текстолитовая для пневматической шлифовальной машины JSD S60A',120,32,'2025-04-15 08:32:12.497251',0,3849,_binary 'uploads/products/lopatka-dlya-pshm-s60a_bVlg6k6.jpg',_binary 'uploads/products/thumb/uploads/products/lopatka-dlya-pshm-s60a_bVlg6k6.jpg',NULL,NULL,0,0,1,NULL),(3850,_binary 'Ударник NF-3883',_binary 'udarnik-nf-3883','',4800,28,'2025-04-15 09:00:14.718886',0,3850,_binary 'uploads/products/3883-11_ljxBFuI.jpg',_binary 'uploads/products/thumb/uploads/products/3883-11_ljxBFuI.jpg',5,NULL,0,0,1,NULL),(3851,_binary 'Ударник для пневмогайковерта AT-238',_binary 'udarnik-dlia-pnevmogaikoverta-at-238',_binary 'Ударник для полдюймового пневматического гайковерта AT-238',720,28,'2025-04-15 09:00:14.993379',0,3851,_binary 'static/images/blank_prodimg.jpg',_binary 'uploads/products/thumb/static/images/blank_prodimg_uCze3XM.jpg',12,NULL,0,0,1,NULL),(3855,_binary 'Втулка AT-238',_binary 'vtulka-at-238','',300,28,'2025-04-15 09:00:15.211831',0,3855,_binary 'static/images/blank_prodimg.jpg',_binary 'uploads/products/thumb/static/images/blank_prodimg_yJ0el5u.jpg',12,NULL,0,0,1,NULL),(3856,_binary 'Втулка NF-3883',_binary 'vtulka-nf-3883','',1200,28,'2025-04-15 09:00:15.231605',0,3856,_binary 'uploads/products/3883-6_DJnYNm4.jpg',_binary 'uploads/products/thumb/uploads/products/3883-6_DJnYNm4.jpg',5,NULL,0,0,1,NULL),(3857,_binary 'Ось AT-238',_binary 'os-at-238','',240,28,'2025-04-15 09:00:15.491583',0,3857,_binary 'static/images/blank_prodimg.jpg',_binary 'uploads/products/thumb/static/images/blank_prodimg_GrsDpgq.jpg',12,NULL,0,0,1,NULL),(3859,_binary 'Курок для пневмогайковерта AT-238',_binary 'kurok-dlia-pnevmogaikoverta-at-238',_binary 'Курок для пневматического гайковерта AT-238',120,28,'2025-04-15 09:00:15.511505',0,3859,_binary 'uploads/products/kurok-dlya-pnevmogajkoverta-at-238.jpg',_binary 'uploads/products/thumb/uploads/products/kurok-dlya-pnevmogajkoverta-at-238.jpg',12,NULL,0,0,1,NULL),(3861,_binary 'Шпиндель AT-238',_binary 'shpindel-at-238','',720,28,'2025-04-15 09:00:15.826397',0,3861,_binary 'static/images/blank_prodimg.jpg',_binary 'uploads/products/thumb/static/images/blank_prodimg_pSsMuhD.jpg',12,NULL,0,0,1,NULL),(3863,_binary 'Шпиндель NF-3883',_binary 'shpindel-nf-3883','',7800,28,'2025-04-15 09:00:15.845423',0,3863,_binary 'uploads/products/3883-9_h2dfJk9.jpg',_binary 'uploads/products/thumb/uploads/products/3883-9_h2dfJk9.jpg',5,NULL,0,0,1,NULL),(3864,_binary 'Маховик AT-238',_binary 'makhovik-at-238','',1020,28,'2025-04-15 09:00:16.146917',0,3864,_binary 'static/images/blank_prodimg.jpg',_binary 'uploads/products/thumb/static/images/blank_prodimg_8VAcaO9.jpg',12,NULL,0,0,1,NULL),(3866,_binary 'Ось NF-3883',_binary 'os-nf-3883','',480,28,'2025-04-15 09:00:16.174053',0,3866,_binary 'uploads/products/3883-10_9kVTb5b.jpg',_binary 'uploads/products/thumb/uploads/products/3883-10_9kVTb5b.jpg',5,NULL,0,0,1,NULL),(3882,_binary 'Пневмотрамбовка ТПВ-8Б-М',_binary 'pnevmotrambovka-tpv-8b-m',_binary 'Напольная пневмотрамбовка.',0,11,'2025-04-15 09:00:16.450041',0,3882,_binary 'uploads/products/tpv8bm_Wqb43M1.jpg',_binary 'uploads/products/thumb/uploads/products/tpv8bm_Wqb43M1.jpg',8,NULL,0,0,1,NULL),(3886,_binary 'Клапан МО-2Б.023',_binary 'klapan-mo-2b-023','',102,26,'2025-04-15 08:32:12.974324',0,3886,_binary 'uploads/products/mop2-0006_t3o5bRn.jpg',_binary 'uploads/products/thumb/uploads/products/mop2-0006_t3o5bRn.jpg',NULL,NULL,0,0,1,NULL),(3896,_binary 'Лопатка для УШМ SJ125X',_binary 'lopatka-dlia-ushm-sj125x',_binary 'Лопатка текстолитовая для угловой шлифовальной машины JSD SJ125X',120,32,'2025-04-15 08:32:13.286180',0,3896,_binary 'uploads/products/lopatka-dlya-ushm-sj125x_ahBOpd2.jpg',_binary 'uploads/products/thumb/uploads/products/lopatka-dlya-ushm-sj125x_ahBOpd2.jpg',NULL,NULL,0,0,1,NULL),(3969,_binary 'Головка торцевая 1/2\" S=30 мм',_binary 'golovka-tortsevaia-1-2-s-30-mm','',300,20,'2025-04-15 08:32:13.571836',0,3969,_binary 'uploads/products/05-30mm_EBXRADz.jpg',_binary 'uploads/products/thumb/uploads/products/05-30mm_EBXRADz.jpg',NULL,NULL,0,0,1,NULL),(3982,_binary 'Головка торцевая 1\" S=30 мм',_binary 'golovka-tortsevaia-1-s-30-mm','',780,20,'2025-04-15 08:32:13.908688',0,3982,_binary 'uploads/products/1-30mm_SRBIo0D.jpg',_binary 'uploads/products/thumb/uploads/products/1-30mm_SRBIo0D.jpg',NULL,NULL,0,0,1,NULL),(3990,_binary 'Головка торцевая 1\" S=38 мм',_binary 'golovka-tortsevaia-1-s-38-mm','',780,20,'2025-04-15 08:32:14.249538',0,3990,_binary 'uploads/products/1-38mm_G3gSaBf.jpg',_binary 'uploads/products/thumb/uploads/products/1-38mm_G3gSaBf.jpg',NULL,NULL,0,0,1,NULL),(3991,_binary 'Головка торцевая 1\" S=32 мм',_binary 'golovka-tortsevaia-1-s-32-mm','',780,20,'2025-04-15 08:32:14.617433',0,3991,_binary 'uploads/products/1-32mm_GXZatjX.jpg',_binary 'uploads/products/thumb/uploads/products/1-32mm_GXZatjX.jpg',NULL,NULL,0,0,1,NULL),(4001,_binary 'Краскораспылитель КРП-41В',_binary 'kraskoraspylitel-krp-41v',_binary 'Предназначен для нанесения ЛКМ на изделия простой и средней групп сложности в различных областях промышленности. Снабжен верхним бачком емкостью 600 мл. Выпускаются с соплом 1.3; 1.4; 1.5; 1.7; 2.0; 2.5 мм.',0,3,'2025-04-15 09:00:19.062871',0,4001,_binary 'uploads/products/krp41v_JlpRaKO.jpg',_binary 'uploads/products/thumb/uploads/products/krp41v_JlpRaKO.jpg',8,NULL,0,0,1,NULL),(4002,_binary 'Краскораспылитель КРП-41Н',_binary 'kraskoraspylitel-krp-41n',_binary 'Предназначен для нанесения ЛКМ на изделия простой и средней групп сложности в различных областях промышленности. Снабжен нижним бачком емкостью 1000 мл, может работать от красконагнетателя. Выпускаются с соплом 1.3; 1.4; 1.5; 1.7; 2.0; 2.5 мм.',0,3,'2025-04-15 09:00:19.356811',0,4002,_binary 'uploads/products/krp41n_HkJAXAb.jpg',_binary 'uploads/products/thumb/uploads/products/krp41n_HkJAXAb.jpg',8,NULL,0,0,1,NULL),(4003,_binary 'Краскораспылитель КРП-31В',_binary 'kraskoraspylitel-krp-31v',_binary 'Предназначен для нанесения ЛКМ на изделия в различных областях промышленности и незаменим при нанесении лака, так как не образует пузырьков в материале. Снабжен верхним бачком емкостью 600 мл. Выпускаются с соплом 1.3; 1.4; 1.5; 1.7; 2.0; 2.5 мм.',0,3,'2025-04-15 09:00:19.632502',0,4003,_binary 'uploads/products/krp31v_8GZVP8p.jpg',_binary 'uploads/products/thumb/uploads/products/krp31v_8GZVP8p.jpg',8,NULL,0,0,1,NULL),(4004,_binary 'Краскораспылитель КРП-31Н',_binary 'kraskoraspylitel-krp-31n',_binary 'Предназначен для нанесения ЛКМ на изделия в различных областях промышленности и незаменим при нанесении лака, так как не образует пузырьков в материале. Снабжен нижним бачком емкостью 1000 мл. Выпускаются с соплом 1.3; 1.4; 1.5; 1.7; 2.0; 2.5 мм.',0,3,'2025-04-15 09:00:19.902666',0,4004,_binary 'uploads/products/krp31n_F1mRJlh.jpg',_binary 'uploads/products/thumb/uploads/products/krp31n_F1mRJlh.jpg',8,NULL,0,0,1,NULL),(4070,_binary 'Пневмогайковерт NF-65',_binary 'pnevmogaikovert-nf-65',_binary 'Профессиональный гайковерт с усиленным ударным механизмом \"Pin-Less Hammer\".',0,2,'2025-04-15 09:00:20.169241',0,4070,_binary 'uploads/products/nf65_diVoTjH.jpg',_binary 'uploads/products/thumb/uploads/products/nf65_diVoTjH.jpg',5,NULL,0,0,1,NULL),(4073,_binary 'Пневмогайковерт NF-5K300',_binary 'pnevmogaikovert-nf-5k300',_binary 'Профессиональный пневматический ударный гайковерт с усиленным механизмом \"twin hammer\" и удлинненным шпинделем L=210 мм.',54000,2,'2025-04-15 09:00:20.477210',1,4073,_binary 'uploads/products/nf5k300_FNg3FdC.jpg',_binary 'uploads/products/thumb/uploads/products/nf5k300_FNg3FdC_Vog4Gl7.jpg',5,NULL,0,0,1,NULL),(4078,_binary 'Пневмотрамбовка ТПВ-3А-М',_binary 'pnevmotrambovka-tpv-3a-m',_binary 'Верстачная пневмотрамбовка.',0,11,'2025-04-15 09:00:20.737875',1,4078,_binary 'uploads/products/tpv3am_HGjo6rW.jpg',_binary 'uploads/products/thumb/uploads/products/tpv3am_HGjo6rW_F9lluRy.jpg',8,NULL,0,0,1,NULL),(4117,_binary 'Молоток отбойный МОП-2 (ТЗК)',_binary 'molotok-otboinyi-mop-2-tzk',_binary 'Пневматический отбойный молоток МОП-2 (ТЗК) используется для долбления отверстий в стенах, бетона, кирпича, асфальта. Клапанный механизм МОП-2 обладает большим рабочим ресурсом и высокой надежностью. Отличительной особенностью данной модели является высокая производительность при сравнительно малом весе. Размер хвостовика составляет 24х70 мм. Штуцер типа ёлочки для подсоединения шланга с внутренним сечением 18мм.',13200,5,'2025-04-15 08:32:15.154397',0,4117,_binary 'uploads/products/mop2_hS1EBEj.jpg',_binary 'uploads/products/thumb/uploads/products/mop2_hS1EBEj_ejtElJp.jpg',10,NULL,0,0,1,NULL),(4118,_binary 'Молоток отбойный МОП-3 (ТЗК)',_binary 'molotok-otboinyi-mop-3-tzk',_binary 'Пневматический отбойный молоток МОП-3 (ТЗК)  предназначен для демонтажа различных конструкций из бетона, кирпича, долбления отверстий в стенах, асфальта. Работа на сжатом воздухе подразумевает низкий уровень пожаро- и взрывоопасности рабочего процесса, большой рабочий ресурс клапанного механизма и возможность длительной работы без перегрузки. Инструмент имеет сравнительно малый вес, что значительно снижает энергоемкость рабочего процесса. Размер хвостовика составляет 24х70 мм.',15600,5,'2025-04-15 08:32:15.497346',0,4118,_binary 'uploads/products/mop3_7klnoCj.jpg',_binary 'uploads/products/thumb/uploads/products/mop3_7klnoCj_t5Z4szX.jpg',10,NULL,0,0,1,NULL),(4154,_binary 'Молоток отбойный МО-2Б (ТЭМЗ)',_binary 'molotok-otboinyi-mo-2b-temz',_binary 'Пневматический отбойный молоток Российский МО-2Б (ТЭМЗ) используется для долбления отверстий в стенах, бетона, кирпича, асфальта. Клапанный механизм МО2Б обладает большим рабочим ресурсом и высокой надежностью. Отличительной особенностью данной модели является высокая производительность при сравнительно малом весе. Размер хвостовика составляет 24х70 мм. Штуцер типа ёлочки для подсоединения шланга с внутренним сечением 18мм. Качественный инструмент полностью российского производства.',38400,5,'2025-04-15 08:32:15.872849',0,4154,_binary 'uploads/products/mo2b_PZbDxJb.jpg',_binary 'uploads/products/thumb/uploads/products/mo2b_PZbDxJb_Mt0WmUq.jpg',9,NULL,0,0,1,NULL),(4155,_binary 'Молоток отбойный МО-3Б (ТЭМЗ)',_binary 'molotok-otboinyi-mo-3b-temz',_binary 'Пневматический отбойный молоток МО-3Б (ТЭМЗ) предназначен для демонтажа различных конструкций из бетона, кирпича, долбления отверстий в стенах, асфальта. Работа на сжатом воздухе подразумевает низкий уровень пожаро- и взрывоопасности рабочего процесса, большой рабочий ресурс клапанного механизма и возможность длительной работы без перегрузки. Инструмент имеет сравнительно малый вес, что снижает энергоемкость рабочего процесса. Качественный инструмент полностью российского производства.',40800,5,'2025-04-15 08:32:16.211577',0,4155,_binary 'uploads/products/mo2b_AW567Hx.jpg',_binary 'uploads/products/thumb/uploads/products/mo2b_AW567Hx_NZCGfQu.jpg',9,NULL,0,0,1,NULL),(4156,_binary 'Головка торцевая 1,5\" S=70 мм',_binary 'golovka-tortsevaia-15-s-70-mm',_binary 'Торцевая головка для гидравлических и пневматических гайковертов с размером присоеденительного квадрата 1.5 дюйма. ',9600,20,'2025-04-15 08:32:16.582160',0,4156,_binary 'uploads/products/15-70mm_vkKY6bP.jpg',_binary 'uploads/products/thumb/uploads/products/15-70mm_vkKY6bP.jpg',NULL,NULL,0,0,1,NULL),(4157,_binary 'Головка торцевая 1,5\" S=75 мм',_binary 'golovka-tortsevaia-15-s-75-mm',_binary 'Торцевая головка для гидравлических и пневматических гайковертов с размером присоеденительного квадрата 1.5 дюйма. ',9600,20,'2025-04-15 08:32:16.944764',0,4157,_binary 'uploads/products/15-75mm_JdgdEx7.jpg',_binary 'uploads/products/thumb/uploads/products/15-75mm_JdgdEx7.jpg',NULL,NULL,0,0,1,NULL),(4161,_binary 'Пневмовинтоверт AT-4050',_binary 'pnevmovintovert-at-4050',_binary 'Винтоверт предназначен для завинчивания и отвинчивания резьбовых соединений и шурупов.',7200,1,'2025-04-15 09:00:23.032959',1,4161,_binary 'uploads/products/at4050_vSaOPmd.jpg',_binary 'uploads/products/thumb/uploads/products/at4050_vSaOPmd_72uhL7g.jpg',12,NULL,0,0,1,NULL),(4163,_binary 'Краскораспылитель AS-1007 HVLP 1,4 мм',_binary 'kraskoraspylitel-as-1007-hvlp-14-mm',_binary 'Краскораспылитель с верхним бачком работает по принципу высокообъемного распыления (HVLP), что позволяет получать покрытия до 1 класса по ГОСТ 9.032-74. В полтора раза экономичнее традиционных краскопультов. Полный и недорогой аналог краскопультов СО-71В, FUBAG G600 (110103, 110104, 110106, 110141, 110143).',3000,3,'2025-04-15 09:00:23.292626',1,4163,_binary 'uploads/products/as1007_JsveoAi.jpg',_binary 'uploads/products/thumb/uploads/products/as1007_JsveoAi_C7NyH3e.jpg',12,NULL,0,0,1,NULL),(4338,_binary 'Рукоятка NF-3883',_binary 'rukoiatka-nf-3883','',9840,28,'2025-04-15 09:00:23.562735',0,4338,_binary 'uploads/products/3883-26_ITSBQKu.jpg',_binary 'uploads/products/thumb/uploads/products/3883-26_ITSBQKu.jpg',5,NULL,0,0,1,NULL),(4387,_binary 'Ударник МО-2Б.0011',_binary 'udarnik-mo-2b-0011','',600,26,'2025-04-15 08:32:17.361762',0,4387,_binary 'uploads/products/mo2b-0011_S3LRm8U.jpg',_binary 'uploads/products/thumb/uploads/products/mo2b-0011_S3LRm8U.jpg',NULL,NULL,0,0,1,NULL),(4388,_binary 'Ударник МО-3Б.0011',_binary 'udarnik-mo-3b-0011','',660,26,'2025-04-15 08:32:17.612083',0,4388,_binary 'uploads/products/mo3b-0011_wbuS8w6.jpg',_binary 'uploads/products/thumb/uploads/products/mo3b-0011_wbuS8w6.jpg',NULL,NULL,0,0,1,NULL),(4392,_binary 'Пневматический гайковерт NF-A661',_binary 'pnevmaticheskii-gaikovert-nf-a661',_binary 'Профессиональный пневмогайковерт с усиленным ударным механизмом для затягивания резьб от 20 до 24 мм. Сервисное обслуживание.',24000,2,'2025-04-15 09:00:24.354296',0,4392,_binary 'uploads/products/nfa661_CqZaf9g.jpg',_binary 'uploads/products/thumb/uploads/products/nfa661_CqZaf9g.jpg',5,NULL,0,0,1,NULL),(4547,_binary 'Молоток отбойный МО-4Б (ТЭМЗ)',_binary 'molotok-otboinyi-mo-4b-temz',_binary 'Пневматический отбойный молоток МО-4Б (ТЗМЗ) предназначен для долбления отверстий в стенах, демонтажа конструкций из кирпича и бетона. Корпус инструмента выполнен из металла, что гарантирует долговечность внутренних узлов. Клапанный механизм отличается большим рабочим ресурсом и возможностью длительной работы без перегрузки. Края рукоятки из алюминиевого сплава тщательно сглажены, что обеспечивает комфортный хват во время эксплуатации. Качественный инструмент полностью российского производства.',46200,5,'2025-04-15 08:32:17.911364',0,4547,_binary 'uploads/products/mo4b_73JObwk.jpg',_binary 'uploads/products/thumb/uploads/products/mo4b_73JObwk_AiXXwq0.jpg',9,NULL,0,0,1,NULL),(4608,_binary 'Пневмошлифмашина МПС-2215МЩ',_binary 'pnevmoshlifmashina-mps-2215mshch',_binary 'Машина МПС-2215МЩ производства ООО \"Катран-Пневмо\" предназначена для работы чашечными щетками диаметром до 125 мм. Патент № 19873.',29400,14,'2025-04-15 08:32:18.264434',0,4608,_binary 'uploads/products/mpsmsh_OmfMONz.jpg',_binary 'uploads/products/thumb/uploads/products/mpsmsh_OmfMONz_39kBYBK.jpg',1,NULL,0,0,0,NULL),(4635,_binary 'Колесо зубчатое для угловых шлифмашин',_binary 'koleso-zubchatoe-dlia-uglovykh-shlifmashin',_binary 'Зубчатое колесо - составная часть угловой передачи угловых шлифовальных машин. Подходит для шлифмашин ИП-21125, ИП-21150, ИП-21180, ИП-21230, SJ180',900,30,'2025-04-15 09:00:25.329537',0,4635,_binary 'static/images/blank_prodimg.jpg',_binary 'uploads/products/thumb/static/images/blank_prodimg_UJ1ltOE.jpg',3,NULL,0,0,1,NULL),(4636,_binary 'Шестерня для угловых шлифмашин',_binary 'shesternia-dlia-uglovykh-shlifmashin',_binary 'Шестерня - составная часть угловой передачи угловых шлифовальных машин. Подходит для шлифмашин ИП-21125, ИП-21150, ИП-21180, ИП-21230, SJ180',900,30,'2025-04-15 09:00:25.555444',0,4636,_binary 'static/images/blank_prodimg.jpg',_binary 'uploads/products/thumb/static/images/blank_prodimg_BzmWn0k.jpg',3,NULL,0,0,1,NULL),(4723,_binary 'Лопатка для УШМ DAG-5SX DAG-5LX',_binary 'lopatka-dlia-ushm-dag-5sx-dag-5lx',_binary 'Текстолитовая лопатка для пневматических болгарок Daewoo <b>DAG-5SX DAG-5LX</b>',420,32,'2025-04-15 08:45:33.940270',0,4723,_binary 'uploads/products/lopatka-dlya-ushm-dag-5sx-dag-5lx_EJ5GJAF.jpg',_binary 'uploads/products/thumb/uploads/products/lopatka-dlya-ushm-dag-5sx-dag-5lx_EJ5GJAF_wSYLNCZ.jpg',1,_binary '121497 Лопатка',0,0,1,NULL),(4761,_binary 'Звено промежуточное МО2Б-04СБ',_binary 'zveno-promezhutochnoe-mo2b-04sb','',3000,26,'2025-04-15 08:32:19.017754',0,4761,_binary 'static/images/blank_prodimg.jpg',_binary 'uploads/products/thumb/static/images/blank_prodimg_kpXKrkl.jpg',NULL,NULL,0,0,1,NULL),(4846,_binary 'Корпус ударного механизма NF-3883',_binary 'korpus-udarnogo-mekhanizma-nf-3883','',5160,28,'2025-04-15 09:00:26.389745',0,4846,_binary 'uploads/products/3883-4_BVDSovJ.jpg',_binary 'uploads/products/thumb/uploads/products/3883-4_BVDSovJ.jpg',5,NULL,0,0,1,NULL),(4847,_binary 'Пружина A-3883',_binary 'pruzhina-a-3883','',240,28,'2025-04-15 08:32:19.056122',0,4847,_binary 'uploads/products/3883-38_ddxLpqx.jpg',_binary 'uploads/products/thumb/uploads/products/3883-38_ddxLpqx.jpg',NULL,NULL,0,0,1,NULL),(4848,_binary 'Рукоятка боковая NF-3883',_binary 'rukoiatka-bokovaia-nf-3883','',2640,28,'2025-04-15 08:32:19.300959',0,4848,_binary 'uploads/products/3883-51_wuElxoy.jpg',_binary 'uploads/products/thumb/uploads/products/3883-51_wuElxoy_846WYNC.jpg',5,NULL,0,0,1,NULL),(4901,_binary 'Молоток отбойный МОП-4 (ТЗК)',_binary 'molotok-otboinyi-mop-4-tzk',_binary 'Пневматический отбойный молоток МОП-4 (ТЗК) предназначен для долбления отверстий в стенах, для демонтажа конструкций из кирпича и бетона. Корпус инструмента выполнен из металла, что гарантирует исключительную долговечность внутренних узлов. Клапанный механизм отличается большим рабочим ресурсом и возможностью длительной работы без перегрузки. Края рукоятки из алюминиевого сплава тщательно сглажены, что обеспечивает комфортный хват во время эксплуатации.',21600,5,'2025-04-15 08:32:19.571728',0,4901,_binary 'uploads/products/mop4_IpmB0GD.jpg',_binary 'uploads/products/thumb/uploads/products/mop4_IpmB0GD_SP6ojr2.jpg',10,NULL,0,0,1,NULL),(4951,_binary 'Пружина AT-2020H',_binary 'pruzhina-at-2020h','',168,27,'2025-04-15 08:32:19.945747',0,4951,_binary 'uploads/products/2020spring_7IpQ9Di.jpg',_binary 'uploads/products/thumb/uploads/products/2020spring_7IpQ9Di.jpg',NULL,NULL,0,0,1,NULL),(4982,_binary 'Пневмомашина DAG-5SX',_binary 'pnevmomashina-dag-5sx',_binary 'Угловая шлифовальная машина DAG-5SX позволяет проводить работы по шлифовке металлических и других поверхностей шлифовальными кругами диаметром до 125 мм. Эргономичная конструкция корпуса позволяет с легкостью проводить работы в углах конструктивных конструкций.',0,15,'2025-04-15 08:32:20.247738',0,4982,_binary 'uploads/products/dag5sx_07EQ8AH.jpg',_binary 'uploads/products/thumb/uploads/products/dag5sx_07EQ8AH_5DLKSKV.jpg',2,NULL,0,0,1,6696),(5049,_binary 'Ударник NF-A661',_binary 'udarnik-nf-a661','',2400,28,'2025-04-15 09:00:28.051262',0,5049,_binary 'static/images/blank_prodimg.jpg',_binary 'uploads/products/thumb/static/images/blank_prodimg_RB2yv31.jpg',5,NULL,0,0,1,NULL),(5051,_binary 'Ударник NF-5K300',_binary 'udarnik-nf-5k300','',3600,28,'2025-04-15 09:00:28.405188',0,5051,_binary 'static/images/blank_prodimg.jpg',_binary 'uploads/products/thumb/static/images/blank_prodimg_ALVlPDe.jpg',5,NULL,0,0,1,NULL),(5052,_binary 'Ось NF-A661',_binary 'os-nf-a661','',360,28,'2025-04-15 09:00:28.422559',0,5052,_binary 'static/images/blank_prodimg.jpg',_binary 'uploads/products/thumb/static/images/blank_prodimg_BjNMFB1.jpg',5,NULL,0,0,1,NULL),(5054,_binary 'Ось NF-5K300',_binary 'os-nf-5k300','',420,28,'2025-04-15 09:00:28.497122',0,5054,_binary 'static/images/blank_prodimg.jpg',_binary 'uploads/products/thumb/static/images/blank_prodimg_6cdZIaj.jpg',5,NULL,0,0,1,NULL),(5056,_binary 'Шпиндель NF-286',_binary 'shpindel-nf-286','',1200,28,'2025-04-15 09:00:28.514114',0,5056,_binary 'static/images/blank_prodimg.jpg',_binary 'uploads/products/thumb/static/images/blank_prodimg_m3OyzuO.jpg',5,NULL,0,0,1,NULL),(5057,_binary 'Шпиндель NF-A661',_binary 'shpindel-nf-a661','',3000,28,'2025-04-15 09:00:28.531189',0,5057,_binary 'static/images/blank_prodimg.jpg',_binary 'uploads/products/thumb/static/images/blank_prodimg_PlZwbr2.jpg',5,NULL,0,0,1,NULL),(5058,_binary 'Шпиндель NF-5K300',_binary 'shpindel-nf-5k300','',6000,28,'2025-04-15 09:00:28.549536',0,5058,_binary 'static/images/blank_prodimg.jpg',_binary 'uploads/products/thumb/static/images/blank_prodimg_p1W0tXl.jpg',5,NULL,0,0,1,NULL),(5242,_binary 'Пневмошлифмашина DG-50S',_binary 'pnevmoshlifmashina-dg-50s',_binary 'Пневматическая шлифмашина Daewoo DG-50S - компактная профессиональная бормашинка (цанговая). Компактные габариты инструмента позволяют проводить работы по шлифованию в тяжелых условиях не прикладываю больших усилий.\n<ul><li>Простота эксплуатации и обслуживания;</li><li>Антивибрационное и холодостойкое покрытие;</li><li>Высокая мощность;</li><li>Поворотный механизм управления воздушным потоком;</li><li>Компактные габаритные размеры;</li><li>Малый вес и отличительная эргономика</li></ul>',0,16,'2025-04-15 09:00:28.566592',0,5242,_binary 'uploads/products/dg50s_thdMftv.jpg',_binary 'uploads/products/thumb/uploads/products/dg50s_thdMftv.jpg',2,NULL,0,0,1,NULL),(5251,_binary 'Машина ручная пневматическая РПМ-2121',_binary 'mashina-ruchnaia-pnevmaticheskaia-rpm-2121',_binary 'Машина ручная пневматическая РПМ-2121 предназначена для удаления припусков, доработки прессформ, зачистки сварных швов, а также для подготовки поверхностей и элементов конструкций под сварку.',0,16,'2025-04-15 08:32:21.086349',0,5251,_binary 'uploads/products/rpm2121_WuuAZmn.jpg',_binary 'uploads/products/thumb/uploads/products/rpm2121_WuuAZmn.jpg',NULL,NULL,0,0,1,NULL),(5266,_binary 'Пружина концевая МОП2-0012',_binary 'pruzhina-kontsevaia-mop2-0012',_binary 'Запчасти для отбойных молотков серии МОП ТЗК.',462,26,'2025-04-15 08:32:21.406382',0,5266,_binary 'uploads/products/pruzhina-koncevaya-mop2-0012_0TpNr1E.jpg',_binary 'uploads/products/thumb/uploads/products/pruzhina-koncevaya-mop2-0012_0TpNr1E.jpg',NULL,NULL,0,0,1,NULL),(5311,_binary 'Фитинг U108-2M 1/2\"',_binary 'fiting-u108-2m-1-2','',60,25,'2025-04-15 09:00:29.837776',0,5311,_binary 'uploads/products/u108-2m-12_4gRjNMU.jpg',_binary 'uploads/products/thumb/uploads/products/u108-2m-12_4gRjNMU.jpg',12,NULL,0,0,1,NULL),(5312,_binary 'Разъем U108-1S',_binary 'razem-u108-1s','',180,25,'2025-04-15 08:32:22.060336',0,5312,_binary 'uploads/products/fitting_xj2VCi7.jpg',_binary 'uploads/products/thumb/uploads/products/fitting_xj2VCi7.jpg',NULL,NULL,0,0,1,NULL),(5323,_binary 'Шток для D9A',_binary 'shtok-dlia-d9a','',1020,29,'2025-04-15 08:32:22.360746',0,5323,_binary 'static/images/blank_prodimg.jpg',_binary 'uploads/products/thumb/static/images/blank_prodimg_CofStGe.jpg',NULL,NULL,0,0,1,NULL),(5327,_binary 'Пружина виброзащиты D9A',_binary 'pruzhina-vibrozashchity-d9a','',360,29,'2025-04-15 08:32:22.377903',0,5327,_binary 'static/images/blank_prodimg.jpg',_binary 'uploads/products/thumb/static/images/blank_prodimg_4gAk7hx.jpg',NULL,NULL,0,0,1,NULL),(5328,_binary 'Пружина стопорная для D9A',_binary 'pruzhina-stopornaia-dlia-d9a','',240,29,'2025-04-15 08:32:22.396710',0,5328,_binary 'static/images/blank_prodimg.jpg',_binary 'uploads/products/thumb/static/images/blank_prodimg_RJykgDr.jpg',NULL,NULL,0,0,1,NULL),(5429,_binary 'Головка торцевая 1\" S=35 мм',_binary 'golovka-tortsevaia-1-s-35-mm','',780,20,'2025-04-15 08:32:22.715577',0,5429,_binary 'uploads/products/1-35mm_r9fYwG4.jpg',_binary 'uploads/products/thumb/uploads/products/1-35mm_r9fYwG4.jpg',NULL,NULL,0,0,1,NULL),(5449,_binary 'Цанговый зажим 6 мм для МП-011 МП-006',_binary 'tsangovyi-zazhim-6-mm-dlia-mp-011-mp-006',_binary 'Цанговый зажим 6 мм для пневматических шлифовальных машин МП-011 МП-006 производства Катран-Пневмо',3420,31,'2025-04-15 08:45:38.509383',0,5449,_binary 'uploads/products/cangovyj-zazhim-6-mm-dlya-mp-011-mp-006_vuQERBA.jpg',_binary 'uploads/products/thumb/uploads/products/cangovyj-zazhim-6-mm-dlya-mp-011-mp-006_vuQERBA.jpg',1,NULL,0,0,1,NULL),(5470,_binary 'Пневматический винто-гайковерт AT-W9',_binary 'pnevmaticheskii-vinto-gaikovert-at-w9',_binary 'Пневматический винто-гайковерт AT-W9 — лёгкий и удобный инструмент для профессионалов. Он выполнен из композитных материалов, что уменьшает вес и нагрузку на руки. Эргономичная прорезиненная рукоятка обеспечивает комфортный захват, а переключатель реверса позволяет изменять направление вращения одним пальцем. Низкий уровень вибрации и шума гарантируют комфортную работу. Механизм AT-W9 надёжен и долговечен. Также инструмент можно оснастить адаптером под головку с квадратом 1/4\".',4800,1,'2025-04-15 09:00:31.447925',1,5470,_binary 'uploads/products/atw9_8cfenK7.jpg',_binary 'uploads/products/thumb/uploads/products/atw9_8cfenK7_XC7fk5V.jpg',12,NULL,0,0,1,NULL),(5483,_binary 'Пневмошлифмашина орбитальная AT-980-6V',_binary 'pnevmoshlifmashina-orbitalnaia-at-980-6v',_binary 'Hymair AT-980-6V профессиональная орбитальная пневматическая шлифмашина, предназначеная для чистовой обработки всех видов металлов, дерева, пластиков, стекла, камня. Удобные и легкие пневмо-шлифмашины по сравнению с электрическими дают возможность безопасной работы с использованием жидкостей либо в условиях повышенной влажности. В Hymair AT-980-6V предусмотрен отвод пыли в пылесборник, эргономический корпус, сбалансированный эксцентрик понижает вибрацию и шум при использовании.',2400,12,'2025-04-15 09:00:31.775176',1,5483,_binary 'uploads/products/at9806v_bGrePTN.jpg',_binary 'uploads/products/thumb/uploads/products/at9806v_bGrePTN_Vn062Dq.jpg',12,NULL,1,1,1,NULL),(5566,_binary 'Цанга 3мм для цанговых шлифмашин',_binary 'tsanga-3mm-dlia-tsangovykh-shlifmashin',_binary 'Цанга для шлифовальных машин. Подходит для пневматического инструмента фирм JSD Tools, TNT Air.',300,31,'2025-04-15 09:00:32.080122',0,5566,_binary 'static/images/blank_prodimg.jpg',_binary 'uploads/products/thumb/static/images/blank_prodimg_42HhVmJ.jpg',4,NULL,0,0,1,NULL),(5567,_binary 'Цанга 6мм для цанговых шлифмашин',_binary 'tsanga-6mm-dlia-tsangovykh-shlifmashin',_binary 'Цанга для шлифовальных машин. Подходит для пневмматического инструмента фирм JSD Tools, TNT Air. Может использоваться для борфрез диаметром 3мм при использовании специальной вставки.  ',300,31,'2025-04-15 09:00:32.326359',0,5567,_binary 'static/images/blank_prodimg.jpg',_binary 'uploads/products/thumb/static/images/blank_prodimg_HMNDR8h.jpg',4,NULL,0,0,1,NULL),(5568,_binary 'Цанга 8мм для цанговых шлифмашин',_binary 'tsanga-8mm-dlia-tsangovykh-shlifmashin',_binary 'Цанга для шлифовальных машин. Подходит для пневмматического инструмента фирм JSD Tools, TNT Air.',300,31,'2025-04-15 09:00:32.548175',0,5568,_binary 'static/images/blank_prodimg.jpg',_binary 'uploads/products/thumb/static/images/blank_prodimg_FsZe6Qg.jpg',4,NULL,0,0,1,NULL),(5577,_binary 'Штуцер J1260 (1/4\", 12 мм)',_binary 'shtutser-j1260-1-4-12-mm','',96,25,'2025-04-15 09:00:32.783155',0,5577,_binary 'uploads/products/j1260_lUdte90.jpg',_binary 'uploads/products/thumb/uploads/products/j1260_lUdte90.jpg',12,NULL,0,0,1,NULL),(5579,_binary 'Машина ручная пневматическая РПМ-2211П',_binary 'mashina-ruchnaia-pnevmaticheskaia-rpm-2211p',_binary 'Машина предназначена для зачистки металлических поверхностей от легкой ржавчины, непрочно сцепленной окалины и других зачистных работ с помощью проволочной щетки.',0,15,'2025-04-15 09:00:33.053750',0,5579,_binary 'uploads/products/rpm2211p_G3fxHYz.jpg',_binary 'uploads/products/thumb/uploads/products/rpm2211p_G3fxHYz.jpg',7,NULL,0,0,1,NULL),(5684,_binary 'Гайка накидная МОП-2-0014',_binary 'gaika-nakidnaia-mop-2-0014',_binary 'Запчасти для отбойных молотков серии МОП ТЗК.',840,26,'2025-04-15 09:00:33.715130',0,5684,_binary 'uploads/products/gajka-nakidnaya-mop-2-0014.jpg',_binary 'uploads/products/thumb/uploads/products/gajka-nakidnaya-mop-2-0014.jpg',NULL,NULL,0,0,1,NULL),(5688,_binary 'Пружина концевая БК3-0012',_binary 'pruzhina-kontsevaia-bk3-0012','',2280,26,'2025-04-15 09:00:34.004093',0,5688,_binary 'static/images/blank_prodimg.jpg',_binary 'uploads/products/thumb/static/images/blank_prodimg_SNFiwSX.jpg',NULL,NULL,0,0,1,NULL),(5703,_binary 'Воздухораспределительный механизм МОП',_binary 'vozdukhoraspredelitelnyi-mekhanizm-mop',_binary 'Запчасти для отбойных молотков серии МОП ТЗК.',1800,26,'2025-04-15 09:00:34.214915',0,5703,_binary 'uploads/products/vozduhoraspredelitelnyj-mehanizm-mop.jpg',_binary 'uploads/products/thumb/uploads/products/vozduhoraspredelitelnyj-mehanizm-mop.jpg',NULL,NULL,0,0,1,NULL),(5705,_binary 'Ударник МОП4-0009',_binary 'udarnik-mop4-0009',_binary 'Запчасти для отбойных молотков серии МОП ТЗК.',798,26,'2025-04-15 09:00:34.517005',0,5705,_binary 'uploads/products/udarnik-mop4-0009.jpg',_binary 'uploads/products/thumb/uploads/products/udarnik-mop4-0009.jpg',NULL,NULL,0,0,1,NULL),(5708,_binary 'Втулка МОП2-0016',_binary 'vtulka-mop2-0016','',150,26,'2025-04-15 09:00:34.807283',0,5708,_binary 'uploads/products/mop2-0016_Vaxl7WN.jpg',_binary 'uploads/products/thumb/uploads/products/mop2-0016_Vaxl7WN.jpg',NULL,NULL,0,0,1,NULL),(5719,_binary 'Лопатка для DAG-6SX DAG-6LX DAG-6SX-1',_binary 'lopatka-dlia-dag-6sx-dag-6lx-dag-6sx-1',_binary 'Текстолитовая лопатка для УШМ Daewoo DAG-6SX DAG-6LX DAG-6SX-1',240,32,'2025-04-15 09:00:35.157635',0,5719,_binary 'uploads/products/lopatka-dlya-dag-6sx-dag-6lx-dag-6sx-1.jpg',_binary 'uploads/products/thumb/uploads/products/lopatka-dlya-dag-6sx-dag-6lx-dag-6sx-1_zJcE54G.jpg',1,_binary '121231 Лопатка',0,0,1,NULL),(5725,_binary 'Краскораспылитель AS-1007 HVLP 1,7 мм',_binary 'kraskoraspylitel-as-1007-hvlp-17-mm',_binary 'Краскораспылитель с верхним бачком работает по принципу высокообъемного распыления (HVLP), что позволяет получать покрытия до 1 класса по ГОСТ 9.032-74. В полтора раза экономичнее традиционных краскопультов. Полный и недорогой аналог краскопультов СО-71В, FUBAG G600 (110103, 110104, 110106, 110141, 110143).',3000,3,'2025-04-15 09:00:35.455954',0,5725,_binary 'uploads/products/as1007_aVkgI9F.jpg',_binary 'uploads/products/thumb/uploads/products/as1007_aVkgI9F.jpg',12,NULL,0,0,1,NULL),(5726,_binary 'Краскораспылитель AS-2005G',_binary 'kraskoraspylitel-as-2005g',_binary 'Краскораспылитель с верхним бачком емкостью 600 мл., предназначеный для нанесения ЛКМ на изделия простой и средней групп сложности в различных областях промышленности. Полный и недорогой аналог краскопультов СО-71В, FUBAG G600 (110103, 110104, 110106, 110141, 110143).',3000,3,'2025-04-15 09:00:35.702080',0,5726,_binary 'uploads/products/as2005g_EmWSCO1.jpg',_binary 'uploads/products/thumb/uploads/products/as2005g_EmWSCO1.jpg',12,NULL,0,0,1,NULL),(5739,_binary 'Пневмошлифмашина DGL-38S',_binary 'pnevmoshlifmashina-dgl-38s',_binary 'Пневматическая шлифовальная машина Daewoo DGL-38S (Южная Корея) — профессиональная бормашинка с удлиненным валом. Позволяет с легкостью выполнять работы в тяжелых условиях и труднодоступных местах. Простота эксплуатации и обслуживания; Антивибрационное и холодостойкое покрытие рукояти; Возможность работы инструментом с хвостовиком 3мм за счет переходной цанги; Поворотный механизм управления воздушным потоком; Удлиненный вал; Малый вес и отличительная эргономика;',0,16,'2025-04-15 09:00:35.965192',0,5739,_binary 'uploads/products/dgl38s_B26BYBF.jpg',_binary 'uploads/products/thumb/uploads/products/dgl38s_B26BYBF.jpg',NULL,NULL,0,0,1,NULL),(5802,_binary 'Шпиндель SJ180',_binary 'shpindel-sj180',_binary 'Шпиндель для угловых шлифовальных машин. Подходит для пневматических шлифмашин ИП-21125, ИП-21150, ИП-21180, ИП-21230, SJ180',1080,30,'2025-04-15 09:00:36.700908',0,5802,_binary 'uploads/products/shtock-sj.jpg',_binary 'uploads/products/thumb/uploads/products/shtock-sj.jpg',3,NULL,0,0,1,NULL),(5865,_binary 'Ударник МОП3-0009',_binary 'udarnik-mop3-0009',_binary 'Запчасти для отбойных молотков серии МОП ТЗК.',726,26,'2025-04-15 09:00:36.994828',0,5865,_binary 'uploads/products/udarnik-mop3-0009.jpg',_binary 'uploads/products/thumb/uploads/products/udarnik-mop3-0009.jpg',NULL,NULL,0,0,1,NULL),(5882,_binary 'Пневмошлифмашина МП-011 (Катран-Пневмо)',_binary 'pnevmoshlifmashina-mp-011-katran-pnevmo',_binary 'Машина МП-011 производства ООО \"Катран-Пневмо\" предназначена для обработки штампов и пресс-форм, шлифования и зачистки поверхностей и других аналогичных работ бор-фрезами и шлифголовками.\r\nГарантийный ремонт и сервисное обслуживание, запчасти.\r\nПри заказе просим указывать необходимый Вам диаметр цанги.\r\nПатент №19874.',22800,16,'2025-04-15 09:00:37.311487',1,5882,_binary 'uploads/products/mp011_G3IsbX0.jpg',_binary 'uploads/products/thumb/uploads/products/mp011_G3IsbX0_Tn8w4Sd.jpg',1,NULL,1,0,1,NULL),(5885,_binary 'Пневмосверлильная машина DR-8RH',_binary 'pnevmosverlilnaia-mashina-dr-8rh','',0,10,'2025-04-15 09:00:37.660225',0,5885,_binary 'uploads/products/dr8rh_HHy58kl.jpg',_binary 'uploads/products/thumb/uploads/products/dr8rh_HHy58kl.jpg',2,NULL,0,0,1,NULL),(5938,_binary 'Штифт МОП2-0004',_binary 'shtift-mop2-0004',_binary 'Запчасти для отбойных молотков серии МОП ТЗК.',150,26,'2025-04-15 09:00:37.969702',0,5938,_binary 'uploads/products/shtift-mop2-0004.jpg',_binary 'uploads/products/thumb/uploads/products/shtift-mop2-0004.jpg',NULL,NULL,0,0,1,NULL),(5958,_binary 'Пневматический привод ПВМ-12',_binary 'pnevmaticheskii-privod-pvm-12',_binary 'Пневматическая реверсивная машина, предназначенная для привода механизмов и устройств. Отличается высокой надежностью и повышенным ресурсом. Гарантия, сервисное обслуживание.',0,18,'2025-04-15 09:00:38.260254',0,5958,_binary 'uploads/products/pvm12_QBkg5Xb.jpg',_binary 'uploads/products/thumb/uploads/products/pvm12_QBkg5Xb.jpg',1,NULL,0,0,1,NULL),(5966,_binary 'Машина ручная пневматическая РПМ-2211Ш',_binary 'mashina-ruchnaia-pnevmaticheskaia-rpm-2211sh',_binary 'Машина предназначена для зачистки металлических поверхностей от глубокой ржавчины, окалины и многослойной старой краски с помощью шарошки - специального инструмента, на четырех осях которого свободно посажены наборы остроконечных звездочек.',0,15,'2025-04-15 09:00:38.605309',0,5966,_binary 'uploads/products/rpm2211sh_0odISip.jpg',_binary 'uploads/products/thumb/uploads/products/rpm2211sh_0odISip.jpg',7,NULL,0,0,1,NULL),(5984,_binary 'Лопатка для цанговой шлифмашины AT-7033L',_binary 'lopatka-dlia-tsangovoi-shlifmashiny-at-7033l',_binary 'Лопатка текстолитовая для цанговой шлифмашины JSD AT-7033L',120,32,'2025-04-15 09:00:38.897707',0,5984,_binary 'uploads/products/lopatka-dlya-cangovoj-shlifmashiny-at-7033l.jpg',_binary 'uploads/products/thumb/uploads/products/lopatka-dlya-cangovoj-shlifmashiny-at-7033l.jpg',NULL,NULL,0,0,1,NULL),(5993,_binary 'Пружина тарельчатая МОП2-0005',_binary 'pruzhina-tarelchataia-mop2-0005',_binary 'Запчасти для отбойных молотков серии МОП ТЗК.',240,26,'2025-04-15 09:00:39.208888',0,5993,_binary 'uploads/products/pruzhina-tarelchataya-mop2-0005.jpg',_binary 'uploads/products/thumb/uploads/products/pruzhina-tarelchataya-mop2-0005.jpg',NULL,NULL,0,0,1,NULL),(5994,_binary 'Ударник МОП2-0009',_binary 'udarnik-mop2-0009',_binary 'Запчасти для отбойных молотков серии МОП ТЗК.',660,26,'2025-04-15 09:00:39.472190',0,5994,_binary 'uploads/products/udarnik-mop2-0009.jpg',_binary 'uploads/products/thumb/uploads/products/udarnik-mop2-0009.jpg',NULL,NULL,0,0,1,NULL),(5995,_binary 'Кольцо стопорное (на фиксатор звена) МОП2-000',_binary 'koltso-stopornoe-na-fiksator-zvena-mop2-000',_binary 'Запчасти для отбойных молотков серии МОП ТЗК.',438,26,'2025-04-15 09:00:39.742281',0,5995,_binary 'uploads/products/kolco-stopornoe-na-fiksator-zvena-mop2-000.jpg',_binary 'uploads/products/thumb/uploads/products/kolco-stopornoe-na-fiksator-zvena-mop2-000.jpg',NULL,NULL,0,0,1,NULL),(5996,_binary 'Краскораспылитель AS-4001B',_binary 'kraskoraspylitel-as-4001b',_binary 'Предназначен для нанесения ЛКМ на изделия простой и средней групп сложности в различных областях промышленности. Снабжен верхним бачком емкостью 600 мл. Выпускаются с соплом 1.4; 1.7; 2.0; мм. Аналог КРП-41В.',3600,3,'2025-04-15 09:00:40.055484',1,5996,_binary 'uploads/products/as4001b_QBFIO2C.jpg',_binary 'uploads/products/thumb/uploads/products/as4001b_QBFIO2C_LI9nKrZ.jpg',12,NULL,0,0,1,NULL),(5997,_binary 'Краскораспылитель AS-1005 HVLP 1,4 мм',_binary 'kraskoraspylitel-as-1005-hvlp-14-mm',_binary 'Краскораспылитель с нижним бачком работает по принципу высокообъемного распыления (HVLP), что позволяет получать покрытия до 1 класса по ГОСТ 9.032-74. В полтора раза экономичнее традиционных краскопультов. Полный и недорогой аналог краскопультов FUBAG S750 110102, S1000 110105, 110142.',3000,3,'2025-04-15 09:00:40.358979',1,5997,_binary 'uploads/products/as1005_jD5NpXs.jpg',_binary 'uploads/products/thumb/uploads/products/as1005_jD5NpXs_Oj7lNHN.jpg',12,NULL,0,0,1,NULL),(5998,_binary 'Краскораспылитель AS-1005 HVLP 1,7 мм',_binary 'kraskoraspylitel-as-1005-hvlp-17-mm',_binary 'Краскораспылитель с нижним бачком работает по принципу высокообъемного распыления (HVLP), что позволяет получать покрытия до 1 класса по ГОСТ 9.032-74. В полтора раза экономичнее традиционных краскопультов. FUBAG S750 110102, S1000 110105, 110142.',3000,3,'2025-04-15 09:00:40.610374',1,5998,_binary 'uploads/products/as1005_Co1jMPF.jpg',_binary 'uploads/products/thumb/uploads/products/as1005_Co1jMPF_FHv39qS.jpg',12,NULL,0,0,1,NULL),(6017,_binary 'Лопатка для ПШМ DG-38LS DG-38S DGL-38LS',_binary 'lopatka-dlia-pshm-dg-38ls-dg-38s-dgl-38ls',_binary 'Текстолитовая лопатка для цанговых прямых шлифовальных машин Daewoo DG-38LS DG-38S DGL-38LS',240,32,'2025-04-15 09:00:40.862428',0,6017,_binary 'uploads/products/lopatka-dlya-pshm-dg-38ls-dg-38s-dgl-38ls.jpg',_binary 'uploads/products/thumb/uploads/products/lopatka-dlya-pshm-dg-38ls-dg-38s-dgl-38ls_Ig4xu7e.jpg',1,_binary '121488 Лопатка текстолитовая',0,0,1,NULL),(6024,_binary 'Быстроразъемное  соединение',_binary 'bystrorazemnoe-soedinenie','',480,25,'2025-04-15 09:00:41.176329',0,6024,_binary 'uploads/products/brs.jpg',_binary 'uploads/products/thumb/uploads/products/brs.jpg',NULL,NULL,0,0,1,NULL),(6042,_binary 'Машина ручная пневматическая РПМ-2114',_binary 'mashina-ruchnaia-pnevmaticheskaia-rpm-2114',_binary 'Машина ручная пневматическая РПМ-2114 предназначена для удаления припусков, доработки прессформ, зачистки сварных швов, а также для подготовки поверхностей и элементов конструкций под сварку.',0,16,'2025-04-15 09:00:41.472197',0,6042,_binary 'uploads/products/rpm2114_aEi9q7z.jpg',_binary 'uploads/products/thumb/uploads/products/rpm2114_aEi9q7z.jpg',7,NULL,0,0,1,NULL),(6043,_binary 'Машина ручная пневматическая РПМ-2215П',_binary 'mashina-ruchnaia-pnevmaticheskaia-rpm-2215p',_binary 'Машина предназначена для зачистки металлических поверхностей от легкой ржавчины, непрочно сцепленной окалины и других зачистных работ с помощью проволочной щетки.',0,15,'2025-04-15 09:00:41.806089',0,6043,_binary 'uploads/products/rpm2215p_iKFsTVj.jpg',_binary 'uploads/products/thumb/uploads/products/rpm2215p_iKFsTVj.jpg',7,NULL,0,0,1,NULL),(6078,_binary 'Глушитель МОП2-0017',_binary 'glushitel-mop2-0017',_binary 'Запчасти для отбойных молотков серии МОП ТЗК.',900,26,'2025-04-15 09:00:42.114614',0,6078,_binary 'uploads/products/glushitel-mop2-0017.jpg',_binary 'uploads/products/thumb/uploads/products/glushitel-mop2-0017.jpg',NULL,NULL,0,0,1,NULL),(6086,_binary 'Зубило для молотка МПР-22',_binary 'zubilo-dlia-molotka-mpr-22',_binary 'Сталь У8.',1200,21,'2025-04-15 09:00:42.381295',0,6086,_binary 'uploads/products/p32_l9Xxj1r.jpg',_binary 'uploads/products/thumb/uploads/products/p32_l9Xxj1r.jpg',10,NULL,0,0,1,NULL),(6115,_binary 'Пневмошлифмашина AT-7033L',_binary 'pnevmoshlifmashina-at-7033l',_binary 'Пневматическая шлифовальная машина AT-7033L предназначена для обработки штампов и пресс-форм, шлифования и зачистки поверхностей и других аналогичных работ. Гарантийный ремонт и сервисное обслуживание, запчасти.',7200,16,'2025-04-15 09:00:42.674235',0,6115,_binary 'uploads/products/at7033l_YOYie1f.jpg',_binary 'uploads/products/thumb/uploads/products/at7033l_YOYie1f_yrXrcWh.jpg',3,NULL,1,0,1,NULL),(6117,_binary 'Рукоятка боковая SJ180',_binary 'rukoiatka-bokovaia-sj180',_binary 'Боковая рукоять для угловых шлифовальных машин. Подходит для пневматических шлифмашин ИП-21125, ИП-21150, ИП-21180, ИП-21230, SJ180',360,30,'2025-04-15 09:00:42.950195',0,6117,_binary 'uploads/products/handle-sj.jpg',_binary 'uploads/products/thumb/uploads/products/handle-sj.jpg',3,NULL,0,0,1,NULL),(6123,_binary 'Звено промежуточное МОП2-05',_binary 'zveno-promezhutochnoe-mop2-05',_binary 'Запчасти для отбойных молотков серии МОП ТЗК.',3000,26,'2025-04-15 09:00:43.259075',0,6123,_binary 'uploads/products/zveno-promezhutochnoe-mop2-05.jpg',_binary 'uploads/products/thumb/uploads/products/zveno-promezhutochnoe-mop2-05.jpg',NULL,NULL,0,0,1,NULL),(6134,_binary 'Кольцо стопорное (на глушитель) МОП2-0018',_binary 'koltso-stopornoe-na-glushitel-mop2-0018',_binary 'Запчасти для отбойных молотков серии МОП ТЗК.',600,26,'2025-04-15 09:00:43.623731',0,6134,_binary 'uploads/products/kolco-stopornoe-na-glushitel-mop2-0018.jpg',_binary 'uploads/products/thumb/uploads/products/kolco-stopornoe-na-glushitel-mop2-0018.jpg',NULL,NULL,0,0,1,NULL),(6142,_binary 'Зубило для пневмомолотка DCH-24',_binary 'zubilo-dlya-pnevmomolotka-dch-24','',5400,21,'2025-04-15 09:00:43.930278',0,6142,_binary 'uploads/products/121861_0yfYpFb.jpg',_binary 'uploads/products/thumb/uploads/products/121861_0yfYpFb_b3xCVt4.jpg',NULL,_binary '121861 Зубило DCH-24',0,0,1,NULL),(6146,_binary 'Пневмотурбинка DMG-3M',_binary 'pnevmoturbinka-dmg-3m','',0,16,'2025-04-15 09:00:44.217197',0,6146,_binary 'uploads/products/dmg3m_Irxqs9r.jpg',_binary 'uploads/products/thumb/uploads/products/dmg3m_Irxqs9r_MvhvHIn.jpg',2,NULL,0,0,1,NULL),(6150,_binary 'Воздухораспределительный механизм МО',_binary 'vozdukhoraspredelitelnyi-mekhanizm-mo','',1800,26,'2025-04-15 09:00:44.508834',0,6150,_binary 'static/images/blank_prodimg.jpg',_binary 'uploads/products/thumb/static/images/blank_prodimg_Kw3XopB.jpg',NULL,NULL,0,0,1,NULL),(6192,_binary 'Лопатка для УШМ S180J60 (аналог DAG-6SX)',_binary 'lopatka-dlia-ushm-s180j60-analog-dag-6sx',_binary 'Лопатка текстолитовая для угловой шлифовальной машины JSD S180J60 аналога УШМ Daewoo DAG-6SX',120,32,'2025-04-15 09:00:44.524428',0,6192,_binary 'uploads/products/lopatka-dlya-ushm-s180j60.jpg',_binary 'uploads/products/thumb/uploads/products/lopatka-dlya-ushm-s180j60.jpg',NULL,NULL,0,0,1,NULL),(6204,_binary 'Рукав напорный ВГ d=18мм 10атм',_binary 'rukav-napornyi-vg-d-18mm-10atm',_binary 'Поставляется бухтами по 50 м. Максимально допустимое давление - 10 атм. Ду=18 мм.',180,24,'2025-04-15 09:00:44.865115',0,6204,_binary 'uploads/products/d18_orvOrTm.jpg',_binary 'uploads/products/thumb/uploads/products/d18_orvOrTm.jpg',NULL,NULL,0,0,1,NULL),(6217,_binary 'Пружина под рукоятку МОП2-0007',_binary 'pruzhina-pod-rukoiatku-mop2-0007',_binary 'Запчасти для отбойных молотков серии МОП ТЗК.',240,26,'2025-04-15 09:00:45.195265',0,6217,_binary 'uploads/products/pruzhina-pod-rukoyatku-mop2-0007.jpg',_binary 'uploads/products/thumb/uploads/products/pruzhina-pod-rukoyatku-mop2-0007.jpg',NULL,NULL,0,0,1,NULL),(6218,_binary 'Футорка МОП2-0010',_binary 'futorka-mop2-0010',_binary 'Запчасти для отбойных молотков серии МОП ТЗК. ',600,26,'2025-04-15 09:00:45.485559',0,6218,_binary 'uploads/products/futorka-mop2-0010.jpg',_binary 'uploads/products/thumb/uploads/products/futorka-mop2-0010.jpg',NULL,NULL,0,0,1,NULL),(6221,_binary 'Пневмошлифмашина угловая S180J60 (аналог DAG-6SX)',_binary 'pnevmoshlifmashina-uglovaia-s180j60-analog-dag-6sx',_binary 'Аналог Daewoo DAG-6SX.',21000,15,'2025-04-15 09:00:45.776686',1,6221,_binary 'uploads/products/s180j60-1_uXe5ngk.jpg',_binary 'uploads/products/thumb/uploads/products/s180j60-1_uXe5ngk_tqtgURb.jpg',3,NULL,1,0,1,NULL),(6238,_binary 'Шайба футорки МОП2-0011',_binary 'shaiba-futorki-mop2-0011',_binary 'Запчасти для отбойных молотков серии МОП ТЗК. ',150,26,'2025-04-15 09:00:46.146861',0,6238,_binary 'uploads/products/shajba-futorki-mop2-0011.jpg',_binary 'uploads/products/thumb/uploads/products/shajba-futorki-mop2-0011.jpg',NULL,NULL,0,0,1,NULL),(6245,_binary 'Пневмошлифмашина угловая ИП-2106А',_binary 'pnevmoshlifmashina-uglovaia-ip-2106a',_binary 'Пневмошлифмашина ИП2106 предназначена для резания металлопроката и зачистки поверхностей после сварки, литья.',15000,15,'2025-04-15 09:00:46.454559',0,6245,_binary 'uploads/products/ip2106_TTdcCX4.jpg',_binary 'uploads/products/thumb/uploads/products/ip2106_TTdcCX4.jpg',NULL,NULL,0,0,1,NULL),(6262,_binary 'Лопатка для ПШМ ИП-2009',_binary 'lopatka-dlia-pshm-ip-2009',_binary 'Лопатка текстолитовая для радиальной пневматической шлифмашины ИП-2009',120,32,'2025-04-15 09:00:46.839459',0,6262,_binary 'uploads/products/lopatka-dlya-pshm-ip-2009.jpg',_binary 'uploads/products/thumb/uploads/products/lopatka-dlya-pshm-ip-2009.jpg',NULL,NULL,0,0,1,NULL),(6278,_binary 'Пневмошлифмашина ИП-2014 (ИП-2014Б)',_binary 'pnevmoshlifmashina-ip-2014-ip-2014b',_binary 'Основным назначением прямой шлифовальной машины ИП-2014Б является зачистка и пригоночные работы по углеродистым сталям с пределом прочности не более 540 МПа. Инструментом для машины служат отбалансированные шлифовальные круги типа ПП 150 x 25 x 32 по ГОСТ 23182, с допустимой скоростью вращения 40 м/с. Скидки от количества.',9960,13,'2025-04-15 09:00:47.142868',0,6278,_binary 'uploads/products/ip2014_gCivXWD.jpg',_binary 'uploads/products/thumb/uploads/products/ip2014_gCivXWD_o9EA4HA.jpg',NULL,NULL,1,0,1,NULL),(6315,_binary 'Лопатка для ПШМ DSG-25HC и DSG-25HW',_binary 'lopatka-dlia-pshm-dsg-25hc-i-dsg-25hw',_binary 'Текстолитовая лопатка для прямых шлифовальных машин Daewoo DSG-25HC и DSG-25HW.',360,32,'2025-04-15 09:00:47.488527',0,6315,_binary 'uploads/products/lopatka-dlya-pshm-dsg-25hc-i-dsg-25hw.jpg',_binary 'uploads/products/thumb/uploads/products/lopatka-dlya-pshm-dsg-25hc-i-dsg-25hw_lmEw8LI.jpg',1,_binary '121489 Лопатка',0,0,1,NULL),(6326,_binary 'Пневмошлифмашина торцевая ИП-2203А',_binary 'pnevmoshlifmashina-tortsevaia-ip-2203a',_binary 'Пневмошлифмашина ИП2203А предназначена для шлифовальных, полировальных и отделочных работ по металлу, граниту, мрамору и другим материалам чашечными кругами ООО \"Катран-Пневмо\".',12600,14,'2025-04-15 09:00:47.773930',0,6326,_binary 'uploads/products/ip2203_XIiufPA.jpg',_binary 'uploads/products/thumb/uploads/products/ip2203_XIiufPA.jpg',NULL,NULL,0,0,1,NULL),(6332,_binary 'Пневмосверлильная машина ИП-1016Б',_binary 'pnevmosverlilnaia-mashina-ip-1016b',_binary 'Профессиональная ИП1016 пневматическая сверлильная машина для тяжелых условий труда.\n',36000,10,'2025-04-15 09:00:48.133057',0,6332,_binary 'uploads/products/ip1016_RooMiOP.jpg',_binary 'uploads/products/thumb/uploads/products/ip1016_RooMiOP.jpg',NULL,NULL,0,0,1,NULL),(6333,_binary 'Пневмомолоток рубильный ИП-4126',_binary 'pnevmomolotok-rubilnyi-ip-4126',_binary 'Молоток ИП4126 предназначен для рубки металла.',0,6,'2025-04-15 09:00:48.498236',0,6333,_binary 'uploads/products/ip4126_iuynXEH.jpg',_binary 'uploads/products/thumb/uploads/products/ip4126_iuynXEH.jpg',NULL,NULL,0,0,1,NULL),(6334,_binary 'Пневмотрамбовка ИП-4503',_binary 'pnevmotrambovka-ip-4503',_binary 'Виброзащищенная пневматическая трамбовка - полный аналог трамбовки ИП-4503. \nНашим предприятием произведена доработка конструкции трамбовки, которая позволила достигнуть расчетных характеристик.',0,11,'2025-04-15 09:00:48.891082',0,6334,_binary 'uploads/products/ip4503_1LCfP46.jpg',_binary 'uploads/products/thumb/uploads/products/ip4503_1LCfP46.jpg',NULL,NULL,0,0,1,NULL),(6428,_binary 'Пневмосверлильная машина ИП-1009',_binary 'pnevmosverlilnaia-mashina-ip-1009','',0,10,'2025-04-15 09:00:49.263144',0,6428,_binary 'uploads/products/ip1009_mUxpkxi.jpg',_binary 'uploads/products/thumb/uploads/products/ip1009_mUxpkxi.jpg',3,NULL,0,0,1,NULL),(6551,_binary 'Пневмомолоток рубильный МР-22',_binary 'pnevmomolotok-rubilnyi-mr-22','',0,6,'2025-04-15 09:00:49.949281',0,6551,_binary 'uploads/products/mr22_NdhZM3Y.jpg',_binary 'uploads/products/thumb/uploads/products/mr22_NdhZM3Y.jpg',NULL,NULL,0,0,1,NULL),(6552,_binary 'Пневмомолоток рубильный МР-36',_binary 'pnevmomolotok-rubilnyi-mr-36','',0,6,'2025-04-15 09:00:50.304012',0,6552,_binary 'uploads/products/mr36_dkUiSJC.jpg',_binary 'uploads/products/thumb/uploads/products/mr36_dkUiSJC.jpg',NULL,NULL,0,0,1,NULL),(6553,_binary 'Молоток отбойный МО-2Б',_binary 'molotok-otboinyi-mo-2b','',9600,5,'2025-04-15 09:00:50.687263',0,6553,_binary 'uploads/products/mo2_PM6zVwh.jpg',_binary 'uploads/products/thumb/uploads/products/mo2_PM6zVwh.jpg',NULL,NULL,0,0,1,NULL),(6554,_binary 'Молоток отбойный МО-3Б',_binary 'molotok-otboinyi-mo-3b','',10800,5,'2025-04-15 09:00:51.075803',1,6554,_binary 'uploads/products/mo3_CJINWcX.jpg',_binary 'uploads/products/thumb/uploads/products/mo3_CJINWcX_QV2ez35.jpg',NULL,NULL,0,0,1,NULL),(6555,_binary 'Молоток отбойный МО-4Б',_binary 'molotok-otboinyi-mo-4b','',12000,5,'2025-04-15 09:00:51.427266',1,6555,_binary 'uploads/products/mo4_0r8cDxR.jpg',_binary 'uploads/products/thumb/uploads/products/mo4_0r8cDxR_UwKJsJV.jpg',NULL,NULL,0,0,1,NULL),(6560,_binary 'Пневмомолоток клепальный ИП-4009М',_binary 'pnevmomolotok-klepalnyi-ip-4009m',_binary 'Молоток ИП4009 предназначен для расклепки заклепок в горячем состоянии при монтажно-сборочных работах в различных областях.',0,4,'2025-04-15 09:00:51.797791',0,6560,_binary 'uploads/products/ip4009m_lLq0oq3.jpg',_binary 'uploads/products/thumb/uploads/products/ip4009m_lLq0oq3.jpg',NULL,NULL,0,0,1,NULL),(6561,_binary 'Пневмомолоток клепальный ИП-4010М',_binary 'pnevmomolotok-klepalnyi-ip-4010m',_binary 'Молоток ИП4010 предназначен для расклепки заклепок в горячем состоянии при монтажно-сборочных \nработах в различных областях.',0,4,'2025-04-15 09:00:52.137599',0,6561,_binary 'uploads/products/ip4010m_sbeI5em.jpg',_binary 'uploads/products/thumb/uploads/products/ip4010m_sbeI5em.jpg',NULL,NULL,0,0,1,NULL),(6568,_binary 'Ниппель М18 x 1.5',_binary 'nippel-m18-x-1-5','',780,25,'2025-04-15 09:00:52.485625',0,6568,_binary 'uploads/products/nipple18_npGLoiM.jpg',_binary 'uploads/products/thumb/uploads/products/nipple18_npGLoiM.jpg',1,NULL,0,0,1,NULL),(6572,_binary 'Лопатка для УШМ S125B',_binary 'lopatka-dlia-ushm-s125b',_binary 'Лопатка текстолитовая для угловой шлифовальной машины JSD S125B',120,32,'2025-04-15 09:00:52.787541',0,6572,_binary 'uploads/products/lopatka-dlya-ushm-s125b.jpg',_binary 'uploads/products/thumb/uploads/products/lopatka-dlya-ushm-s125b.jpg',NULL,NULL,0,0,1,NULL),(6577,_binary 'Рукав воздушный d12 x 20  16 атм',_binary 'rukav-vozdushnyi-d12-x-20-16-atm','',180,24,'2025-04-15 09:00:53.115005',0,6577,_binary 'uploads/products/d12_27fFzdx.jpg',_binary 'uploads/products/thumb/uploads/products/d12_27fFzdx.jpg',NULL,NULL,0,0,1,NULL),(6607,_binary 'Шестерня для УШМ S125B (DAG-5SX) SJ125 (DAG-5LX)',_binary 'shesternia-dlia-ushm-s125b-dag-5sx-sj125-dag-5lx',_binary 'Шестерня - составная часть угловой передачи угловых шлифовальных машин. Подходит для пневматических УШМ S125B (аналог DAG-5SX) SJ125 (анылог DAG-5LX)',780,30,'2025-04-15 09:00:53.489049',0,6607,_binary 'uploads/products/shesternya-dlya-ushm-s125b-dag-5sx-sj125-dag-5lx.jpg',_binary 'uploads/products/thumb/uploads/products/shesternya-dlya-ushm-s125b-dag-5sx-sj125-dag-5lx.jpg',4,NULL,0,0,1,NULL),(6608,_binary 'Колесо зубчатое для УШМ S125B (DAG-5SX) SJ125 (DAG-5LX)',_binary 'koleso-zubchatoe-dlia-ushm-s125b-dag-5sx-sj125-dag-5lx',_binary 'Колесо зубчатое - составная часть угловой передачи угловых шлифовальных машин. Подходит для пневматических УШМ S125B (аналог DAG-5SX), SJ125 (аналог DAG-5LX)',780,30,'2025-04-15 09:00:53.812853',0,6608,_binary 'uploads/products/koleso-zubchatoe-dlya-ushm-s125b-dag-5sx-sj125-dag-5lx.jpg',_binary 'uploads/products/thumb/uploads/products/koleso-zubchatoe-dlya-ushm-s125b-dag-5sx-sj125-dag-5lx.jpg',4,NULL,0,0,1,NULL),(6614,_binary 'Пневмошлифмашина угловая SJ180 (аналог DAG-6SX-1)',_binary 'pnevmoshlifmashina-uglovaia-sj180-analog-dag-6sx-1',_binary 'Аналог Daewoo DAG-6SX.',21000,15,'2025-04-15 09:00:54.123006',1,6614,_binary 'uploads/products/sj180-1_0zsRPOT.jpg',_binary 'uploads/products/thumb/uploads/products/sj180-1_0zsRPOT_rEWoOgo.jpg',3,NULL,1,0,1,NULL),(6630,_binary 'Колесо зубчатое УШМ S180J60 (DAG-6SX) SJ180 (DAG-6SX-1)',_binary 'koleso-zubchatoe-ushm-s180j60-dag-6sx-sj180-dag-6sx-1',_binary 'Колесо зубчатое - составная часть угловой передачи угловых шлифовальных машин. Подходит для пневматических УШМ S125B (аналог DAG-5SX), SJ125 (аналог DAG-5LX)',900,30,'2025-04-15 09:00:54.513342',0,6630,_binary 'uploads/products/koleso-zubchatoe-dlya-ushm-s180j60-dag-6sx-sj180-dag-6sx-1.jpg',_binary 'uploads/products/thumb/uploads/products/koleso-zubchatoe-dlya-ushm-s180j60-dag-6sx-sj180_LAja4qq.jpg',4,NULL,0,0,1,NULL),(6631,_binary 'Шестерня для УШМ S180J60 (DAG-6SX) SJ180 (DAG-6SX-1)',_binary 'shesternia-dlia-ushm-s180j60-dag-6sx-sj180-dag-6sx-1',_binary 'Шестерня - составная часть угловой передачи угловых шлифовальных машин. Подходит для пневматических УШМ S180J60 (аналог DAG-6SX), SJ180 (аналог DAG-6SX-1)',900,30,'2025-04-15 09:00:54.839492',0,6631,_binary 'uploads/products/shesternya-dlya-ushm-s180j60-dag-6sx-sj180-dag-6sx-1.jpg',_binary 'uploads/products/thumb/uploads/products/shesternya-dlya-ushm-s180j60-dag-6sx-sj180-dag-6sx-1.jpg',4,NULL,0,0,1,NULL),(6684,_binary 'Пневмошлифмашина угловая SJ125 (аналог DAG-5LX)',_binary 'pnevmoshlifmashina-uglovaia-sj125-analog-dag-5lx',_binary 'Пневматическая угловая шлифмашина SJ125 предназначена для резания металлопроката, шлифования, зачистки поверхностей и других аналогичных работ. Металлический корпус  обеспечивает надежную защиту внутренних узлов от механических повреждений. Инструмент отличается большим рабочим ресурсом и возможностью длительной работы без перегрева. Сервисное обслуживание.',17400,15,'2025-04-15 09:00:55.150252',1,6684,_binary 'uploads/products/sj125_zybCnqj.jpg',_binary 'uploads/products/thumb/uploads/products/sj125_zybCnqj_Yib5FKB.jpg',3,NULL,1,0,1,NULL),(6696,_binary 'Пневмошлифмашина угловая S125B (аналог DAG-5SX)',_binary 'pnevmoshlifmashina-uglovaia-s125b-analog-dag-5sx',_binary '<p>Пневматическая угловая шлифмашина <b>S125B</b> предназначена для резания металлопроката, шлифования, зачистки поверхностей и других аналогичных работ.</p><p>Металлический корпус обеспечивает надежную защиту внутренних узлов от механических повреждений.</p><p>Пневматическая болгарка отличается большим рабочим ресурсом и возможностью длительной работы без перегрева. Сервисное обслуживание.Более мощный аналог шлифмашины DAG-5SX.</p>',17400,15,'2025-04-15 09:00:55.466572',1,6696,_binary 'uploads/products/sj125b.jpg',_binary 'uploads/products/thumb/uploads/products/sj125b_ibFqjE7.jpg',3,NULL,1,0,1,4982),(6710,_binary 'Пневмошлифмашина ИП-2009 (ИП-2009Б)',_binary 'pnevmoshlifmashina-ip-2009-ip-2009b',_binary 'Прямая шлифовальная машина <span style=\"background-color: rgb(255, 255, 0);\"><b>ИП</b>-2009</span> предназначена для шлифовальных и полировальных работ, а так же для зачистки сварных швов, стального и чугунного литья, металлоконструкций. Позволяет работать шлифовальными кругами прямого профиля диаметром 63 мм с посадочным диаметром 20 мм.',7500,13,'2025-04-15 09:00:55.776358',0,6710,_binary 'uploads/products/ip2009_X4tHwjU.jpg',_binary 'uploads/products/thumb/uploads/products/ip2009_X4tHwjU_CKXqe03.jpg',3,NULL,0,0,1,NULL),(6711,_binary 'Пневмошлифмашина S60A (ПШМ-60)',_binary 'pnevmoshlifmashina-s60a-pshm-60',_binary 'Пневматическая шлифовальная машина S60A предполагает использование шлифовальных кругов посадочного диаметра 20 мм с допустимой окружной скоростью не менее 60 м/с и позволяет проводить работы по шлифованию, зачистки и полировки сварных металлоконструкций. Является аналогом шлифовальной машины ИП-2020. Обеспечивается сервисное обслуживание.',6300,13,'2025-04-15 09:00:56.136652',1,6711,_binary 'uploads/products/s60a_NcZ3ABX.jpg',_binary 'uploads/products/thumb/uploads/products/s60a_NcZ3ABX_X0AV5cQ.jpg',3,NULL,1,0,1,NULL),(6761,_binary 'Ниппель М22 x 1.5',_binary 'nippel-m22-x-1-5','',780,25,'2025-04-15 09:00:56.490738',0,6761,_binary 'uploads/products/nipple22_mMfsFAD.jpg',_binary 'uploads/products/thumb/uploads/products/nipple22_mMfsFAD.jpg',1,NULL,0,0,1,NULL);
/*!40000 ALTER TABLE `store_product` ENABLE KEYS */;
UNLOCK TABLES;
DROP TABLE IF EXISTS `store_product_parts`;
/*!40101 SET @saved_cs_client     = @@character_set_client */;
/*!40101 SET character_set_client = utf8 */;
CREATE TABLE `store_product_parts` (
  `id` bigint NOT NULL AUTO_INCREMENT,
  `from_product_id` bigint NOT NULL,
  `to_product_id` bigint NOT NULL,
  PRIMARY KEY (`id`),
  UNIQUE KEY `store_product_parts_from_product_id_to_product_id_6ed199df_uniq` (`from_product_id`,`to_product_id`),
  KEY `store_product_parts_to_product_id_e2d227fc_fk_store_product_id` (`to_product_id`),
  CONSTRAINT `store_product_parts_from_product_id_e2a71ab9_fk_store_product_id` FOREIGN KEY (`from_product_id`) REFERENCES `store_product` (`id`),
  CONSTRAINT `store_product_parts_to_product_id_e2d227fc_fk_store_product_id` FOREIGN KEY (`to_product_id`) REFERENCES `store_product` (`id`)
) ENGINE=InnoDB AUTO_INCREMENT=14 DEFAULT CHARSET=utf8mb4 COLLATE=utf8mb4_0900_ai_ci;
/*!40101 SET character_set_client = @saved_cs_client */;

LOCK TABLES `store_product_parts` WRITE;
/*!40000 ALTER TABLE `store_product_parts` DISABLE KEYS */;
INSERT INTO `store_product_parts` VALUES (6,3763,3613),(11,3763,3835),(12,3763,3836),(13,3763,3837),(7,3763,3982),(9,3763,3990),(10,3763,3991),(8,3763,5429),(4,6696,5577),(5,6696,6572),(2,6696,6607),(3,6696,6608);
/*!40000 ALTER TABLE `store_product_parts` ENABLE KEYS */;
UNLOCK TABLES;
DROP TABLE IF EXISTS `store_product_similar_products`;
/*!40101 SET @saved_cs_client     = @@character_set_client */;
/*!40101 SET character_set_client = utf8 */;
CREATE TABLE `store_product_similar_products` (
  `id` bigint NOT NULL AUTO_INCREMENT,
  `from_product_id` bigint NOT NULL,
  `to_product_id` bigint NOT NULL,
  PRIMARY KEY (`id`),
  UNIQUE KEY `store_product_similar_pr_from_product_id_to_produ_efe9f4c7_uniq` (`from_product_id`,`to_product_id`),
  KEY `store_product_simila_to_product_id_dc87bc1e_fk_store_pro` (`to_product_id`),
  CONSTRAINT `store_product_simila_from_product_id_0156989e_fk_store_pro` FOREIGN KEY (`from_product_id`) REFERENCES `store_product` (`id`),
  CONSTRAINT `store_product_simila_to_product_id_dc87bc1e_fk_store_pro` FOREIGN KEY (`to_product_id`) REFERENCES `store_product` (`id`)
) ENGINE=InnoDB AUTO_INCREMENT=35 DEFAULT CHARSET=utf8mb4 COLLATE=utf8mb4_0900_ai_ci;
/*!40101 SET character_set_client = @saved_cs_client */;

LOCK TABLES `store_product_similar_products` WRITE;
/*!40000 ALTER TABLE `store_product_similar_products` DISABLE KEYS */;
INSERT INTO `store_product_similar_products` VALUES (29,2865,4982),(12,2865,6696),(32,3547,4982),(16,3547,6696),(27,3561,4982),(10,3561,6696),(30,3732,4982),(13,3732,6696),(21,4982,2865),(25,4982,3547),(19,4982,3561),(22,4982,3732),(23,4982,4982),(20,4982,6221),(24,4982,6614),(26,4982,6684),(14,4982,6696),(28,6221,4982),(11,6221,6696),(31,6614,4982),(15,6614,6696),(33,6684,4982),(17,6684,6696),(4,6696,2865),(8,6696,3547),(2,6696,3561),(5,6696,3732),(6,6696,4982),(3,6696,6221),(7,6696,6614),(9,6696,6684),(1,6696,6696);
/*!40000 ALTER TABLE `store_product_similar_products` ENABLE KEYS */;
UNLOCK TABLES;
DROP TABLE IF EXISTS `store_variable`;
/*!40101 SET @saved_cs_client     = @@character_set_client */;
/*!40101 SET character_set_client = utf8 */;
CREATE TABLE `store_variable` (
  `id` bigint NOT NULL AUTO_INCREMENT,
  `value` varchar(255) NOT NULL,
  `product_id` bigint NOT NULL,
  `varitem_id` bigint NOT NULL,
  PRIMARY KEY (`id`),
  KEY `store_variable_product_id_1a233b83_fk_store_product_id` (`product_id`),
  KEY `store_variable_varitem_id_56ab42e3_fk_store_variableitem_id` (`varitem_id`),
  CONSTRAINT `store_variable_product_id_1a233b83_fk_store_product_id` FOREIGN KEY (`product_id`) REFERENCES `store_product` (`id`),
  CONSTRAINT `store_variable_varitem_id_56ab42e3_fk_store_variableitem_id` FOREIGN KEY (`varitem_id`) REFERENCES `store_variableitem` (`id`)
) ENGINE=InnoDB AUTO_INCREMENT=870 DEFAULT CHARSET=utf8mb4 COLLATE=utf8mb4_0900_ai_ci;
/*!40101 SET character_set_client = @saved_cs_client */;

LOCK TABLES `store_variable` WRITE;
/*!40000 ALTER TABLE `store_variable` DISABLE KEYS */;
INSERT INTO `store_variable` VALUES (1,_binary '1,2',1245,128),(2,_binary '0.31',1245,1),(3,_binary '2300',1245,2),(4,_binary '10',1245,8),(5,_binary '800',1245,10),(6,_binary 'нет',1245,14),(7,_binary '180',1245,20),(8,_binary 'Морзе В12',1245,48),(9,_binary '1,3',1353,128),(10,_binary '2.5',1353,4),(11,_binary '42',1353,5),(12,_binary '4',1353,7),(13,_binary '300',1353,10),(14,_binary '150 х 42 х 140',1353,30),(15,_binary '0,92',2438,128),(16,_binary '0.3',2438,1),(17,_binary '25000',2438,2),(18,_binary '3; 6',2438,9),(19,_binary '400',2438,10),(20,_binary '340',2438,20),(21,_binary '1/4',2438,123),(22,_binary '0,6',2491,128),(23,_binary '0.3',2491,1),(24,_binary '25000',2491,2),(25,_binary '3; 6',2491,9),(26,_binary '400',2491,10),(27,_binary '175',2491,20),(28,_binary '1/4',2491,123),(29,_binary '4,5',2713,128),(30,_binary '2.0',2713,1),(31,_binary '8500',2713,2),(32,_binary '2800',2713,10),(33,_binary '430',2713,20),(34,_binary '16',2713,31),(35,_binary '180',2713,81),(36,_binary 'M18 x 1.5',2713,123),(37,_binary '1,7',279,128),(38,_binary '3000',279,10),(39,_binary '155 x 250',279,30),(40,_binary '1.5',279,103),(41,_binary '+5...+60',279,104),(42,_binary '10',2844,128),(43,_binary '43',2844,4),(44,_binary '16',2844,5),(45,_binary '1560',2844,10),(46,_binary '570',2844,20),(47,_binary '24',2844,34),(48,_binary '70',2844,35),(49,_binary '3',2865,128),(50,_binary '1.04',2865,1),(51,_binary '7600',2865,2),(52,_binary '1300',2865,10),(53,_binary '252',2865,20),(54,_binary '180',2865,81),(55,_binary '3/8',2865,123),(56,_binary '0,06',3079,128),(57,_binary '0,15',3156,128),(58,_binary '0.1',3156,1),(59,_binary '54000',3156,2),(60,_binary '3',3156,9),(61,_binary '150',3156,10),(62,_binary '150',3156,20),(63,_binary '1/4',3156,123),(64,_binary '0,85',3310,128),(65,_binary '1,44',3521,128),(66,_binary '0.4',3521,1),(67,_binary '18000',3521,2),(68,_binary '3; 6; 8; 10',3521,9),(69,_binary '600',3521,10),(70,_binary '300',3521,20),(71,_binary '1/4',3521,123),(72,_binary '1,5',3547,128),(73,_binary '0.52',3547,1),(74,_binary '11000',3547,2),(75,_binary '650',3547,10),(76,_binary '225',3547,20),(77,_binary '125',3547,81),(78,_binary '1/4',3547,123),(79,_binary '3,2',3561,128),(80,_binary '1.04',3561,1),(81,_binary '7600',3561,2),(82,_binary '1300',3561,10),(83,_binary '306',3561,20),(84,_binary '180',3561,81),(85,_binary '3/8',3561,123),(86,_binary '8,5',3606,128),(87,_binary '31',3606,4),(88,_binary '27',3606,5),(89,_binary '1250',3606,10),(90,_binary '540',3606,20),(91,_binary '24',3606,34),(92,_binary '70',3606,35),(93,_binary '1,95',3613,128),(94,_binary '0,4',3618,128),(95,_binary '0,6',3682,128),(96,_binary '0.3',3682,1),(97,_binary '25000',3682,2),(98,_binary '3; 6',3682,9),(99,_binary '400',3682,10),(100,_binary '164',3682,20),(101,_binary '1/4',3682,123),(102,_binary '1,6',3731,128),(103,_binary '0.4',3731,1),(104,_binary '18000',3731,2),(105,_binary '600',3731,10),(106,_binary '298',3731,20),(107,_binary '63',3731,81),(108,_binary '1/4',3731,123),(109,_binary '3',3732,128),(110,_binary '1.04',3732,1),(111,_binary '7600',3732,2),(112,_binary '1300',3732,10),(113,_binary '252',3732,20),(114,_binary '180',3732,81),(115,_binary '3/8',3732,123),(116,_binary '4,2',3734,128),(117,_binary '1.4',3734,1),(118,_binary '6600',3734,2),(119,_binary '2100',3734,10),(120,_binary '480 х 70',3734,30),(121,_binary 'M16 x 1.5',3734,123),(122,_binary '2,8',3768,128),(123,_binary '0.75',3768,1),(124,_binary '9500',3768,2),(125,_binary '1100',3768,10),(126,_binary '470',3768,20),(127,_binary '100 x 20 x 20',3768,81),(128,_binary 'M16 x 1.5',3768,123),(129,_binary '0,85',3835,128),(130,_binary '1',3836,128),(131,_binary '1,2',3837,128),(132,_binary '0,05',3886,128),(133,_binary '0,9',3982,128),(134,_binary '7,4',4117,128),(135,_binary '39',4117,4),(136,_binary '22',4117,5),(137,_binary '1200',4117,10),(138,_binary '510',4117,20),(139,_binary '24',4117,34),(140,_binary '70',4117,35),(141,_binary '7,8',4118,128),(142,_binary '44',4118,4),(143,_binary '20',4118,5),(144,_binary '1250',4118,10),(145,_binary '545',4118,20),(146,_binary '24',4118,34),(147,_binary '70',4118,35),(148,_binary '9',4154,128),(149,_binary '39',4154,4),(150,_binary '22',4154,5),(151,_binary '1300',4154,10),(152,_binary '565',4154,20),(153,_binary '24',4154,34),(154,_binary '70',4154,35),(155,_binary '10',4155,128),(156,_binary '44',4155,4),(157,_binary '19',4155,5),(158,_binary '1300',4155,10),(159,_binary '600',4155,20),(160,_binary '24',4155,34),(161,_binary '70',4155,35),(162,_binary '3,5',4156,128),(163,_binary '4,5',4157,128),(164,_binary '0,3',4387,128),(165,_binary '13',4547,128),(166,_binary '55',4547,4),(167,_binary '17',4547,5),(168,_binary '1400',4547,10),(169,_binary '660',4547,20),(170,_binary '24',4547,34),(171,_binary '70',4547,35),(172,_binary '4,3',4608,128),(173,_binary '2.0',4608,1),(174,_binary '6500',4608,2),(175,_binary '2800',4608,10),(176,_binary '430',4608,20),(177,_binary '16',4608,31),(178,_binary 'М14',4608,76),(179,_binary '125',4608,81),(180,_binary 'M18 x 1.5',4608,123),(181,_binary '0,25',4848,128),(182,_binary '9',4901,128),(183,_binary '55',4901,4),(184,_binary '17',4901,5),(185,_binary '1300',4901,10),(186,_binary '580',4901,20),(187,_binary '24',4901,34),(188,_binary '70',4901,35),(189,_binary '1,5',4982,128),(190,_binary '0.52',4982,1),(191,_binary '11000',4982,2),(192,_binary '650',4982,10),(193,_binary '190',4982,20),(194,_binary '125',4982,81),(195,_binary '1/4',4982,123),(196,_binary '7',505,128),(197,_binary '22',505,4),(198,_binary '25',505,5),(199,_binary '22',505,7),(200,_binary '1100',505,10),(201,_binary '430',505,20),(202,_binary '1,4',5251,128),(203,_binary '0.6',5251,1),(204,_binary '17200',5251,2),(205,_binary '6; 8',5251,9),(206,_binary '500',5251,10),(207,_binary '350',5251,20),(208,_binary 'М14 x 1.5',5251,123),(209,_binary '0,42',5266,128),(210,_binary '1,5',53,128),(211,_binary '0.38',53,1),(212,_binary '700',53,2),(213,_binary '13',53,8),(214,_binary '720',53,10),(215,_binary 'нет',53,14),(216,_binary '270',53,20),(217,_binary 'Морзе 1 внутренний',53,48),(218,_binary '1,2',54,128),(219,_binary '0.38',54,1),(220,_binary '2800',54,2),(221,_binary '10',54,8),(222,_binary '700',54,10),(223,_binary 'нет',54,14),(224,_binary '180',54,20),(225,_binary 'резьба М12 x 1.25',54,48),(226,_binary '4,8',1,128),(227,_binary '2.0',1,1),(228,_binary '6500',1,2),(229,_binary '2800',1,10),(230,_binary '430',1,20),(231,_binary '16',1,31),(232,_binary '230',1,81),(233,_binary 'M18 x 1.5',1,123),(234,_binary '8',15,128),(235,_binary '360',15,2),(236,_binary '2000',15,10),(237,_binary '70',15,15),(238,_binary '450 х 75 х 75',15,30),(239,_binary '16',15,31),(240,_binary '3,9',17,128),(241,_binary '8',17,4),(242,_binary '40',17,5),(243,_binary '300',17,10),(244,_binary '315',17,20),(245,_binary '17.5',17,34),(246,_binary '60',17,35),(247,_binary 'шестигранный',17,47),(248,_binary '5,9',18,128),(249,_binary '12',18,4),(250,_binary '27',18,5),(251,_binary '500',18,10),(252,_binary '350',18,20),(253,_binary '17.5',18,34),(254,_binary '60',18,35),(255,_binary 'шестигранный',18,47),(256,_binary '6,1',19,128),(257,_binary '16',19,4),(258,_binary '27',19,5),(259,_binary '500',19,10),(260,_binary '345',19,20),(261,_binary '17.5',19,34),(262,_binary '60',19,35),(263,_binary 'шестигранный',19,47),(264,_binary '3',237,128),(265,_binary '3',237,4),(266,_binary '22',237,5),(267,_binary '400',237,10),(268,_binary '360',237,20),(269,_binary '40',237,61),(270,_binary '0,7',2523,128),(271,_binary '250',2523,20),(272,_binary '20',2523,34),(273,_binary '60',2523,35),(274,_binary 'круг',2523,47),(275,_binary '9,5',31,128),(276,_binary '28',31,4),(277,_binary '16',31,5),(278,_binary '500',31,10),(279,_binary '1090',31,20),(280,_binary '16',31,31),(281,_binary '37',31,38),(282,_binary '205',31,39),(283,_binary '70',31,61),(284,_binary '4,5',3397,128),(285,_binary '200',3397,15),(286,_binary '250 x 120 x 75',3397,30),(287,_binary '6.4',3397,89),(288,_binary '1,5',3436,128),(289,_binary '400',3436,20),(290,_binary '20',3436,34),(291,_binary '60',3436,35),(292,_binary 'круг',3436,47),(293,_binary '20',3453,31),(294,_binary 'M22 x 1.5',3453,51),(295,_binary '0,65',3519,128),(296,_binary '250',3519,20),(297,_binary '17.5',3519,34),(298,_binary '60',3519,35),(299,_binary 'шестигранник',3519,47),(300,_binary '8',3523,19),(301,_binary '0,8',3617,128),(302,_binary '250',3617,20),(303,_binary '17.5',3617,34),(304,_binary '60',3617,35),(305,_binary 'шестигранник',3617,47),(306,_binary '0,6',4,128),(307,_binary '0.27',4,1),(308,_binary '30000',4,2),(309,_binary '3; 6; 8',4,9),(310,_binary '450',4,10),(311,_binary '160',4,20),(312,_binary '40',4,78),(313,_binary '1/4',4,123),(314,_binary '1,3',1161,128),(315,_binary '320',1161,20),(316,_binary '24',1161,34),(317,_binary '70',1161,35),(318,_binary 'круг',1161,47),(319,_binary '1,5',1307,128),(320,_binary '800',1307,10),(321,_binary '300',1307,20),(322,_binary '8,1',1307,52),(323,_binary '350 / 650',1307,99),(324,_binary '1,3',1480,128),(325,_binary '320',1480,20),(326,_binary '24',1480,34),(327,_binary '70',1480,35),(328,_binary 'круг',1480,47),(329,_binary '0,97',154,128),(330,_binary '300',154,20),(331,_binary '24',154,34),(332,_binary '70',154,35),(333,_binary 'круг',154,47),(334,_binary '2,2',1630,128),(335,_binary '3.5',1630,4),(336,_binary '63.3',1630,5),(337,_binary '500',1630,10),(338,_binary '315',1630,20),(339,_binary '0,4',1826,128),(340,_binary '600',1826,2),(341,_binary '200',1826,10),(342,_binary 'нет',1826,14),(343,_binary '2.4',1826,15),(344,_binary '210',1826,20),(345,_binary '4',1826,44),(346,_binary '11',1898,128),(347,_binary '2.3',1898,1),(348,_binary '6000',1898,2),(349,_binary '3700',1898,10),(350,_binary '420',1898,20),(351,_binary '7',1919,128),(352,_binary '22',1919,4),(353,_binary '25',1919,5),(354,_binary '1100',1919,10),(355,_binary '430',1919,20),(356,_binary '20',1919,34),(357,_binary '60',1919,35),(358,_binary 'шестигранный',1919,47),(359,_binary '15',2092,128),(360,_binary '1200',2092,10),(361,_binary '190',2092,20),(362,_binary '100',2092,91),(363,_binary '0.02',2092,92),(364,_binary '7,6',2663,128),(365,_binary '36',2663,4),(366,_binary '16.6',2663,5),(367,_binary '1200',2663,10),(368,_binary '500',2663,20),(369,_binary '20',2663,34),(370,_binary '60',2663,35),(371,_binary 'шестигранный',2663,47),(372,_binary '1,25',2719,128),(373,_binary '320',2719,20),(374,_binary '24',2719,34),(375,_binary '70',2719,35),(376,_binary 'круг',2719,47),(377,_binary '0,8',2870,128),(378,_binary '66',2870,5),(379,_binary '200',2870,10),(380,_binary '164',2870,20),(381,_binary '0,6',3153,128),(382,_binary '0.4',3153,1),(383,_binary '6',3153,9),(384,_binary '600',3153,10),(385,_binary '175',3153,20),(386,_binary '25000',3153,68),(387,_binary '0.63',3153,103),(388,_binary '10',3153,128),(389,_binary '0,7',3160,128),(390,_binary '8000',3160,2),(391,_binary '170',3160,10),(392,_binary 'есть',3160,14),(393,_binary '6.1',3160,15),(394,_binary '190',3160,20),(395,_binary '4',3160,44),(396,_binary '1,82',3161,128),(397,_binary '0.35',3161,1),(398,_binary '800',3161,2),(399,_binary '13',3161,8),(400,_binary '230',3161,10),(401,_binary 'есть',3161,14),(402,_binary '180',3161,20),(403,_binary 'резьба 1/2',3161,48),(404,_binary '1,9',3163,128),(405,_binary '0.35',3163,1),(406,_binary '1800',3163,2),(407,_binary '10',3163,8),(408,_binary '500',3163,10),(409,_binary 'есть',3163,14),(410,_binary '165',3163,20),(411,_binary 'резьба 3/8',3163,48),(412,_binary '3,1',3166,128),(413,_binary '2.5',3166,4),(414,_binary '21',3166,5),(415,_binary '400',3166,10),(416,_binary '475',3166,20),(417,_binary '22',3166,38),(418,_binary '110',3166,39),(419,_binary '0,6',3369,128),(420,_binary '1200',3369,2),(421,_binary '320',3369,10),(422,_binary 'есть',3369,14),(423,_binary '3.0',3369,15),(424,_binary '240',3369,20),(425,_binary '5',3369,44),(426,_binary '1,5',3408,128),(427,_binary '250',3408,20),(428,_binary '20',3408,34),(429,_binary '60',3408,35),(430,_binary 'шестигранник',3408,47),(431,_binary '0,6',3448,128),(432,_binary '0.2',3448,1),(433,_binary '2500',3448,2),(434,_binary '6',3448,8),(435,_binary '300',3448,10),(436,_binary '225',3448,20),(437,_binary 'резьба 3/8',3448,48),(438,_binary '8,8',3492,128),(439,_binary '30',3492,4),(440,_binary '22',3492,5),(441,_binary '800',3492,10),(442,_binary '1000',3492,20),(443,_binary '38',3492,38),(444,_binary '190',3492,39),(445,_binary '70',3492,61),(446,_binary '0,94',3528,128),(447,_binary '270',3528,20),(448,_binary '24',3528,34),(449,_binary '70',3528,35),(450,_binary 'круг',3528,47),(451,_binary '6',3663,128),(452,_binary '4',3663,4),(453,_binary '16.5',3663,5),(454,_binary '600',3663,10),(455,_binary '630',3663,20),(456,_binary '28',3663,38),(457,_binary '155',3663,39),(458,_binary '6,8',3664,128),(459,_binary '4',3664,4),(460,_binary '16.5',3664,5),(461,_binary '600',3664,10),(462,_binary '1100',3664,20),(463,_binary '28',3664,38),(464,_binary '155',3664,39),(465,_binary '0,75',3729,128),(466,_binary '0.3',3729,1),(467,_binary '22000',3729,2),(468,_binary '6; 8',3729,9),(469,_binary '500',3729,10),(470,_binary '20',3729,11),(471,_binary '200',3729,20),(472,_binary '30',3729,40),(473,_binary '2,8',3765,128),(474,_binary '7500',3765,2),(475,_binary '340',3765,10),(476,_binary '185',3765,20),(477,_binary '20',3765,44),(478,_binary '1/2',3765,83),(479,_binary '576',3765,84),(480,_binary '0,4',3850,128),(481,_binary '1,3',3863,128),(482,_binary '0,05',3866,128),(483,_binary '10,2',3882,128),(484,_binary '20',3882,4),(485,_binary '10.8',3882,5),(486,_binary '800',3882,10),(487,_binary '1120',3882,20),(488,_binary '35',3882,38),(489,_binary '205',3882,39),(490,_binary '0,8',4001,128),(491,_binary '0.6',4001,17),(492,_binary '1.3 - 2.5',4001,23),(493,_binary '210 x 110 x 380',4001,30),(494,_binary '0.4',4001,75),(495,_binary '1,2',4002,128),(496,_binary '1.0',4002,17),(497,_binary '1.3 - 2.5',4002,23),(498,_binary '200 х 120 х 300',4002,30),(499,_binary '0.4',4002,75),(500,_binary '0,8',4003,128),(501,_binary '0.6',4003,17),(502,_binary '1.3 - 2.5',4003,23),(503,_binary '210 х 110 х 380',4003,30),(504,_binary '0.36',4003,75),(505,_binary '1,2',4004,128),(506,_binary '1.0',4004,17),(507,_binary '1.3 - 2.5',4004,23),(508,_binary '200 х 120 х 300',4004,30),(509,_binary '0.36',4004,75),(510,_binary '23',4070,128),(511,_binary '2500',4070,2),(512,_binary '1200',4070,10),(513,_binary '500',4070,20),(514,_binary '48',4070,44),(515,_binary '1 1/2',4070,83),(516,_binary '4352',4070,84),(517,_binary '14,4',4073,128),(518,_binary '4500',4073,2),(519,_binary '800',4073,10),(520,_binary '550',4073,20),(521,_binary '46',4073,44),(522,_binary '1',4073,83),(523,_binary '2900',4073,84),(524,_binary '2,9',4078,128),(525,_binary '2.5',4078,4),(526,_binary '21',4078,5),(527,_binary '400',4078,10),(528,_binary '335',4078,20),(529,_binary '22',4078,38),(530,_binary '110',4078,39),(531,_binary '0,7',4161,128),(532,_binary '1500',4161,2),(533,_binary '150',4161,10),(534,_binary 'есть',4161,14),(535,_binary '3.5',4161,15),(536,_binary '210',4161,20),(537,_binary '4',4161,44),(538,_binary '0,7',4163,128),(539,_binary '0.6',4163,17),(540,_binary '1.4',4163,23),(541,_binary '190 x 110 x 320',4163,30),(542,_binary '0.2 - 0.35',4163,75),(543,_binary '1',4338,128),(544,_binary '5,2',4392,128),(545,_binary '6000',4392,2),(546,_binary '400',4392,10),(547,_binary '245',4392,20),(548,_binary '24',4392,44),(549,_binary '3/4',4392,83),(550,_binary '1292',4392,84),(551,_binary '0,9',4846,128),(552,_binary '0,75',5242,128),(553,_binary '0.3',5242,1),(554,_binary '6; 8',5242,9),(555,_binary '500',5242,10),(556,_binary '20',5242,11),(557,_binary '200',5242,20),(558,_binary '30',5242,40),(559,_binary '22000',5242,68),(560,_binary '0,02',5311,128),(561,_binary '1/2',5311,51),(562,_binary '1,1',5470,128),(563,_binary '9000',5470,2),(564,_binary '136',5470,10),(565,_binary '19',5470,12),(566,_binary 'есть',5470,14),(567,_binary '150',5470,15),(568,_binary '160',5470,20),(569,_binary '8',5470,44),(570,_binary '1,1',5483,128),(571,_binary '10000',5483,2),(572,_binary '350',5483,10),(573,_binary '175',5483,20),(574,_binary 'D150',5483,118),(575,_binary '1/4',5483,123),(576,_binary '1/4',5577,51),(577,_binary '3,8',5579,128),(578,_binary '1.3',5579,1),(579,_binary '7000',5579,2),(580,_binary '1700',5579,10),(581,_binary '470',5579,20),(582,_binary '100',5579,82),(583,_binary 'М18 x 1.5',5579,123),(584,_binary '32',56,128),(585,_binary '63',56,4),(586,_binary '30',56,5),(587,_binary '3.5',56,10),(588,_binary '830',56,20),(589,_binary '46',56,86),(590,_binary '5',56,87),(591,_binary '27',56,88),(592,_binary '0,17',5684,128),(593,_binary '0,03',5708,128),(594,_binary '0,7',5725,128),(595,_binary '0.6',5725,17),(596,_binary '1.7',5725,23),(597,_binary '190 x 110 x 320',5725,30),(598,_binary '0.2 - 0.35',5725,75),(599,_binary '0,6',5726,128),(600,_binary '0.6',5726,17),(601,_binary '2.0',5726,23),(602,_binary '190 x 110 x 320',5726,30),(603,_binary '0.45 - 0.6',5726,75),(604,_binary '0,92',5739,128),(605,_binary '0.3',5739,1),(606,_binary '25000',5739,2),(607,_binary '3; 6',5739,9),(608,_binary '400',5739,10),(609,_binary '340',5739,20),(610,_binary '1/4',5739,123),(611,_binary '25,5',58,128),(612,_binary '36',58,4),(613,_binary '38',58,5),(614,_binary '3.0',58,10),(615,_binary '705',58,20),(616,_binary '40',58,86),(617,_binary '2',58,87),(618,_binary '20',58,88),(619,_binary '0,46',5865,128),(620,_binary '1,1',5882,128),(621,_binary '0.5',5882,1),(622,_binary '22000',5882,2),(623,_binary '3; 6; 8',5882,9),(624,_binary '750',5882,10),(625,_binary '270',5882,20),(626,_binary '270 х 42 х 50',5882,30),(627,_binary '10',5882,31),(628,_binary '1/4',5882,123),(629,_binary '1,2',5885,128),(630,_binary '1300',5885,2),(631,_binary '10',5885,8),(632,_binary '600',5885,10),(633,_binary 'есть',5885,14),(634,_binary '180',5885,20),(635,_binary 'резьба 3/8',5885,48),(636,_binary '8',5958,128),(637,_binary '180',5958,2),(638,_binary '1000',5958,10),(639,_binary '120',5958,15),(640,_binary '450 х 80 х 122',5958,30),(641,_binary '16',5958,31),(642,_binary 'Морзе 3 внутренний',5958,48),(643,_binary '4,6',5966,128),(644,_binary '1.3',5966,1),(645,_binary '7000',5966,2),(646,_binary '1700',5966,10),(647,_binary '465',5966,20),(648,_binary 'М18 x 1.5',5966,123),(649,_binary '38',5966,125),(650,_binary '40',5966,126),(651,_binary '0,43',5994,128),(652,_binary '0,8',5996,128),(653,_binary '0.6',5996,17),(654,_binary '1.4; 1.7; 2.0',5996,23),(655,_binary '190 x 110 x 320',5996,30),(656,_binary '0.35 - 0.50',5996,75),(657,_binary '1',5997,128),(658,_binary '1.0',5997,17),(659,_binary '1.4',5997,23),(660,_binary '190 x 110 x 290',5997,30),(661,_binary '0.25 - 0.35',5997,75),(662,_binary '1',5998,128),(663,_binary '1.0',5998,17),(664,_binary '1.7',5998,23),(665,_binary '190 x 110 x 290',5998,30),(666,_binary '0.25 - 0.35',5998,75),(667,_binary '3,2',6042,128),(668,_binary '1.3',6042,1),(669,_binary '14000',6042,2),(670,_binary '8; 10',6042,9),(671,_binary '1700',6042,10),(672,_binary '460',6042,20),(673,_binary 'М18 x 1.5',6042,123),(674,_binary '1,8',6043,128),(675,_binary '0.7',6043,1),(676,_binary '10120',6043,2),(677,_binary '600',6043,10),(678,_binary '250',6043,20),(679,_binary '80',6043,82),(680,_binary '0,25',6078,128),(681,_binary '0,9',6086,128),(682,_binary '250',6086,20),(683,_binary '20',6086,34),(684,_binary '60',6086,35),(685,_binary 'шестигранник',6086,47),(686,_binary '1,05',6115,128),(687,_binary '0.4',6115,1),(688,_binary '6',6115,9),(689,_binary '600',6115,10),(690,_binary '340',6115,20),(691,_binary '25000',6115,68),(692,_binary '0.63',6115,103),(693,_binary '10',6115,128),(694,_binary '2,8',6221,128),(695,_binary '1.1',6221,1),(696,_binary '7600',6221,2),(697,_binary '1500',6221,10),(698,_binary '250',6221,20),(699,_binary '180',6221,81),(700,_binary '3/8',6221,123),(701,_binary '3,4',6245,128),(702,_binary '1.2',6245,1),(703,_binary '8500',6245,2),(704,_binary '1800',6245,10),(705,_binary '350',6245,20),(706,_binary '180',6245,81),(707,_binary 'M22 x 1.5',6245,123),(708,_binary '4,3',6278,128),(709,_binary '1.3',6278,1),(710,_binary '5100',6278,2),(711,_binary '1900',6278,10),(712,_binary '590',6278,20),(713,_binary '150',6278,81),(714,_binary 'M22 x 1.5',6278,123),(715,_binary '3,8',6326,128),(716,_binary '1.4',6326,1),(717,_binary '4580',6326,2),(718,_binary '1700',6326,10),(719,_binary '285',6326,20),(720,_binary '125',6326,81),(721,_binary '1/2',6326,123),(722,_binary '8,6',6332,128),(723,_binary '1.8',6332,1),(724,_binary '250',6332,2),(725,_binary '32',6332,8),(726,_binary '2200',6332,10),(727,_binary '390',6332,20),(728,_binary 'Морзе 3 внутренний',6332,48),(729,_binary '5,9',6333,128),(730,_binary '14',6333,4),(731,_binary '35',6333,5),(732,_binary '1000',6333,10),(733,_binary '435',6333,20),(734,_binary '20',6333,34),(735,_binary '60',6333,35),(736,_binary 'круглый',6333,47),(737,_binary '9,6',6334,128),(738,_binary '25',6334,4),(739,_binary '12',6334,5),(740,_binary '900',6334,10),(741,_binary '1200',6334,20),(742,_binary '37',6334,38),(743,_binary '120',6334,39),(744,_binary '1,5',6428,128),(745,_binary '0.36',6428,1),(746,_binary '1500',6428,2),(747,_binary '10',6428,8),(748,_binary '680',6428,10),(749,_binary 'нет',6428,14),(750,_binary '155',6428,20),(751,_binary 'Морзе В12',6428,48),(752,_binary '6',651,19),(753,_binary '7',6551,128),(754,_binary '22',6551,4),(755,_binary '25',6551,5),(756,_binary '1100',6551,10),(757,_binary '430',6551,20),(758,_binary '20',6551,34),(759,_binary '60',6551,35),(760,_binary 'шестигранный',6551,47),(761,_binary '7,6',6552,128),(762,_binary '36',6552,4),(763,_binary '16.6',6552,5),(764,_binary '1200',6552,10),(765,_binary '500',6552,20),(766,_binary '20',6552,34),(767,_binary '60',6552,35),(768,_binary 'шестигранный',6552,47),(769,_binary '9',6553,128),(770,_binary '39',6553,4),(771,_binary '22',6553,5),(772,_binary '1300',6553,10),(773,_binary '565',6553,20),(774,_binary '24',6553,34),(775,_binary '70',6553,35),(776,_binary '10',6554,128),(777,_binary '44',6554,4),(778,_binary '19',6554,5),(779,_binary '1300',6554,10),(780,_binary '600',6554,20),(781,_binary '24',6554,34),(782,_binary '70',6554,35),(783,_binary '13',6555,128),(784,_binary '55',6555,4),(785,_binary '17',6555,5),(786,_binary '1400',6555,10),(787,_binary '660',6555,20),(788,_binary '24',6555,34),(789,_binary '70',6555,35),(790,_binary '7',6560,128),(791,_binary '22',6560,4),(792,_binary '25',6560,5),(793,_binary '22',6560,7),(794,_binary '1100',6560,10),(795,_binary '430',6560,20),(796,_binary '8',6561,128),(797,_binary '35',6561,4),(798,_binary '16.6',6561,5),(799,_binary '32',6561,7),(800,_binary '1100',6561,10),(801,_binary '500',6561,20),(802,_binary '16',6568,31),(803,_binary 'M18 x 1.5',6568,51),(804,_binary '2,8',6614,128),(805,_binary '1.1',6614,1),(806,_binary '7600',6614,2),(807,_binary '1500',6614,10),(808,_binary '250',6614,20),(809,_binary '180',6614,81),(810,_binary '3/8',6614,123),(811,_binary '2,1',6684,128),(812,_binary '0.6',6684,1),(813,_binary '800',6684,10),(814,_binary '225',6684,20),(815,_binary '140',6684,29),(816,_binary '11000',6684,68),(817,_binary '100',6684,71),(818,_binary '0.63',6684,103),(819,_binary '12',6684,128),(820,_binary '2',6696,128),(821,_binary '0.6',6696,1),(822,_binary '11000',6696,2),(823,_binary '800',6696,10),(824,_binary '220',6696,20),(825,_binary '125',6696,81),(826,_binary '1/4',6696,123),(827,_binary '1,9',6710,128),(828,_binary '0.44',6710,1),(829,_binary '12500',6710,2),(830,_binary '880',6710,10),(831,_binary '420',6710,20),(832,_binary '63',6710,81),(833,_binary 'M18 x 1.5',6710,123),(834,_binary '1,7',6711,128),(835,_binary '0.6',6711,1),(836,_binary '15000',6711,2),(837,_binary '800',6711,10),(838,_binary '350',6711,20),(839,_binary '63',6711,81),(840,_binary 'М16 х 1.5',6711,123),(841,_binary '20',6761,31),(842,_binary 'M22 x 1.5',6761,51),(843,_binary '8,5',774,128),(844,_binary '180',774,2),(845,_binary '1000',774,10),(846,_binary '120',774,15),(847,_binary '450 х 80 х 200',774,30),(848,_binary '16',774,31),(849,_binary 'Морзе 3 внутренний',774,48),(850,_binary '8',914,128),(851,_binary '35',914,4),(852,_binary '16.6',914,5),(853,_binary '32',914,7),(854,_binary '1100',914,10),(855,_binary '500',914,20),(856,_binary '30,5',992,128),(857,_binary '54',992,4),(858,_binary '38',992,5),(859,_binary '3.2',992,10),(860,_binary '775',992,20),(861,_binary '46',992,86),(862,_binary '4',992,87),(863,_binary '29.5',992,88),(864,_binary '8,5',3763,128),(865,_binary '5000',3763,2),(866,_binary '800',3763,10),(867,_binary '410',3763,20),(868,_binary '1',3763,83),(869,_binary '2108',3763,84);
/*!40000 ALTER TABLE `store_variable` ENABLE KEYS */;
UNLOCK TABLES;
DROP TABLE IF EXISTS `store_variableitem`;
/*!40101 SET @saved_cs_client     = @@character_set_client */;
/*!40101 SET character_set_client = utf8 */;
CREATE TABLE `store_variableitem` (
  `id` bigint NOT NULL AUTO_INCREMENT,
  `title` varchar(255) NOT NULL,
  `dimention` varchar(255) DEFAULT NULL,
  PRIMARY KEY (`id`)
) ENGINE=InnoDB AUTO_INCREMENT=129 DEFAULT CHARSET=utf8mb4 COLLATE=utf8mb4_0900_ai_ci;
/*!40101 SET character_set_client = @saved_cs_client */;

LOCK TABLES `store_variableitem` WRITE;
/*!40000 ALTER TABLE `store_variableitem` DISABLE KEYS */;
INSERT INTO `store_variableitem` VALUES (1,_binary 'Номинальная мощность',_binary 'кВт'),(2,_binary 'Частота вращения шпинделя на холостом ходу',_binary 'об/мин'),(4,_binary 'Энергия удара',_binary 'Дж'),(5,_binary 'Частота удара',_binary 'Гц'),(7,_binary 'Диаметр заклепки',_binary 'мм'),(8,_binary 'Макс. диаметр сверла',_binary 'мм'),(9,_binary 'Диаметр цанги',_binary 'мм'),(10,_binary 'Расход воздуха',_binary 'л/мин'),(11,_binary 'Макс. диаметр бор-фрезы',_binary 'мм'),(12,_binary 'Макс. диаметр головки',_binary 'мм'),(14,_binary 'Реверс',''),(15,_binary 'Макс. крутящий момент',_binary 'Нм'),(17,_binary 'Емкость бачка',_binary 'л'),(19,_binary 'Диаметр',_binary 'мм'),(20,_binary 'Длина',_binary 'мм'),(23,_binary 'Диаметр сопла',_binary 'мм'),(29,_binary 'Ширина',_binary 'мм'),(30,_binary 'Габаритные размеры',_binary 'мм'),(31,_binary 'Внутренний диаметр шланга',_binary 'мм'),(34,_binary 'Диаметр хвостовика',_binary 'мм'),(35,_binary 'Длина хвостовика',_binary 'мм'),(38,_binary 'Диаметр поршня',_binary 'мм'),(39,_binary 'Ход поршня',_binary 'мм'),(40,_binary 'Макс. диаметр шлиф. головки',_binary 'мм'),(44,_binary 'Макс. диаметр затягиваемой резьбы',_binary 'мм'),(47,_binary 'Тип хвостовика',''),(48,_binary 'Шпиндель',''),(51,_binary 'Резьба',''),(52,_binary 'Макс. диаметр нарезаемой резьбы',_binary 'мм'),(61,_binary 'Диаметр башмака',_binary 'мм'),(62,_binary 'Производитель',''),(68,_binary 'Частота вращения на холостом ходу',_binary 'об/мин'),(71,_binary 'Высота',_binary 'мм'),(75,_binary 'Рабочее давление',_binary 'МПа'),(76,_binary 'Резьба шпинделя',''),(78,_binary 'Вылет шпинделя',_binary 'мм'),(81,_binary 'Диаметр абразивного инструмента',_binary 'мм'),(82,_binary 'Диаметр проволочной щетки',_binary 'мм'),(83,_binary 'Квадрат',_binary 'дюйм'),(84,_binary 'Макс. момент затяжки',_binary 'Нм'),(86,_binary 'Макс. диаметр бурения',_binary 'мм'),(87,_binary 'Макс. глубина бурения',_binary 'м'),(88,_binary 'Крутящий момент',_binary 'Нм'),(89,_binary 'Передаточное отношение',''),(91,_binary 'Частота колебаний',_binary 'Гц'),(92,_binary 'Статический момент дебаланса',_binary 'кг м'),(99,_binary 'Частота вращения (правое / левое)',_binary 'об/мин'),(103,_binary 'Максимальное давление воздуха',_binary 'МПа'),(104,_binary 'Диапазон рабочих температур',_binary 'C'),(118,_binary 'Размер рабочей поверхности',_binary 'мм'),(123,_binary 'Присоединительная резьба штуцера',_binary 'мм'),(125,_binary 'Ширина рабочей части шарошки',_binary 'мм'),(126,_binary 'Число звездочек шарошки',_binary 'шт'),(128,_binary 'Вес',_binary 'кг');
/*!40000 ALTER TABLE `store_variableitem` ENABLE KEYS */;
UNLOCK TABLES;
/*!50112 SET @disable_bulk_load = IF (@is_rocksdb_supported, 'SET SESSION rocksdb_bulk_load = @old_rocksdb_bulk_load', 'SET @dummy_rocksdb_bulk_load = 0') */;
/*!50112 PREPARE s FROM @disable_bulk_load */;
/*!50112 EXECUTE s */;
/*!50112 DEALLOCATE PREPARE s */;
/*!40103 SET TIME_ZONE=@OLD_TIME_ZONE */;

/*!40101 SET SQL_MODE=@OLD_SQL_MODE */;
/*!40014 SET FOREIGN_KEY_CHECKS=@OLD_FOREIGN_KEY_CHECKS */;
/*!40014 SET UNIQUE_CHECKS=@OLD_UNIQUE_CHECKS */;
/*!40101 SET CHARACTER_SET_CLIENT=@OLD_CHARACTER_SET_CLIENT */;
/*!40101 SET CHARACTER_SET_RESULTS=@OLD_CHARACTER_SET_RESULTS */;
/*!40101 SET COLLATION_CONNECTION=@OLD_COLLATION_CONNECTION */;
/*!40111 SET SQL_NOTES=@OLD_SQL_NOTES */;

